Date,Open,High,Low,Close,Volume,volume_outlier,volume_zero_flag,days_since_prev,gap_flag
2016-01-04,4579.986656825823,4603.644915066748,4525.74267578125,4525.74267578125,21276600,False,False,,False
2016-01-05,4527.255088090763,4594.1621540540245,4526.827858611902,4557.64453125,24364900,False,False,1.0,False
2016-01-06,4563.475888273048,4639.05594937803,4562.395363994167,4608.80224609375,29976300,False,False,1.0,False
2016-01-07,4573.51442606939,4577.457631592157,4530.271484375,4530.271484375,24018600,False,False,1.0,False
2016-01-08,4524.686868162836,4550.730289159711,4507.238816093556,4546.111328125,23991300,False,False,1.0,False
2016-01-11,4515.32617790567,4517.762118234232,4459.613502970784,4465.30908203125,19983800,False,False,3.0,False
2016-01-12,4487.373528924541,4526.022418142029,4486.470731964574,4512.3515625,23702200,False,False,1.0,False
2016-01-13,4535.702199093851,4559.332137866241,4533.504530806916,4537.00244140625,26689000,False,False,1.0,False
2016-01-14,4492.608702417175,4526.333954969919,4456.296148015968,4513.005859375,36253200,False,False,1.0,False
2016-01-15,4518.804882126796,4541.924098475707,4515.955872044517,4523.7998046875,2249218200,True,False,1.0,False
2016-01-18,4491.1470701637645,4503.687597957881,4471.069237917159,4481.1015625,21081300,False,False,3.0,False
2016-01-19,4486.412798596449,4499.399596445884,4464.553788410669,4491.5615234375,23042100,False,False,1.0,False
2016-01-20,4476.973672220296,4490.943343260907,4427.8125,4427.8125,26395500,False,False,1.0,False
2016-01-21,4447.577792289293,4462.854052915587,4408.632531435419,4413.9541015625,24323700,False,False,1.0,False
2016-01-22,4446.248936628682,4456.57080078125,4420.884200542508,4456.57080078125,27603800,False,False,1.0,False
2016-01-25,4483.431527035004,4519.420361247611,4465.033317044702,4505.61279296875,28197300,False,False,3.0,False
2016-01-26,4489.5183855122805,4517.1926029198,4483.112872744425,4510.29248046875,22989000,False,False,1.0,False
2016-01-27,4526.039347814081,4583.44921875,4526.039347814081,4583.44921875,36625500,False,False,1.0,False
2016-01-28,4582.538866824373,4608.219022063362,4579.324147894941,4602.650390625,31734400,False,False,1.0,False
2016-01-29,4611.758426347719,4618.63706477328,4568.261096508177,4614.9833984375,35913800,False,False,1.0,False
2016-02-01,4619.97185434169,4625.248015961912,4559.70857729058,4624.45458984375,26818600,False,False,3.0,False
2016-02-02,4598.763711850839,4617.793243933319,4586.120161451192,4587.25634765625,30581900,False,False,1.0,False
2016-02-03,4552.949913420482,4595.92919921875,4544.963407566437,4595.92919921875,23645400,False,False,1.0,False
2016-02-04,4606.865074853732,4668.92955961116,4606.865074853732,4665.6357421875,32515500,False,False,1.0,False
2016-02-05,4674.4237907533225,4798.7587890625,4673.805650780264,4798.7587890625,37635400,False,False,1.0,False
2016-02-09,4773.581342890383,4779.619193886369,4736.384548083961,4768.439453125,22997900,False,False,4.0,False
2016-02-10,4748.350936412516,4782.753403232439,4725.8234947210685,4732.29833984375,28910100,False,False,1.0,False
2016-02-11,4723.811585309136,4785.988857066834,4723.811585309136,4775.67431640625,36960300,False,False,1.0,False
2016-02-12,4757.52419653031,4771.155503011808,4710.355130194917,4714.2099609375,26882200,False,False,1.0,False
2016-02-15,4749.598280192018,4761.518714514124,4729.641049403054,4740.54150390625,32930700,False,False,3.0,False
2016-02-16,4745.807578745513,4769.820316541003,4726.407942753434,4744.8193359375,37203200,False,False,1.0,False
2016-02-17,4738.2334765906535,4774.272112420118,4737.232539001568,4765.3212890625,43118200,False,False,1.0,False
2016-02-18,4783.858194595045,4803.422376350684,4760.051990051389,4778.6083984375,47306600,False,False,1.0,False
2016-02-19,4744.060191989054,4758.991250595938,4679.960639831751,4697.376953125,34015700,False,False,1.0,False
2016-02-22,4701.226354632557,4715.436739507731,4682.199750804361,4708.43701171875,26863900,False,False,3.0,False
2016-02-23,4715.018615998066,4722.199000563579,4628.72558824164,4653.873046875,35293100,False,False,1.0,False
2016-02-24,4643.643606937862,4673.638045790392,4627.464060450645,4657.541015625,26851200,False,False,1.0,False
2016-02-25,4681.809138196477,4686.382690802517,4652.680876445804,4658.14208984375,31829200,False,False,1.0,False
2016-02-26,4695.633779990538,4736.342153433046,4691.241861417417,4732.96435546875,27831900,False,False,1.0,False
2016-02-29,4738.109668697015,4774.331404476813,4722.80948250849,4770.7705078125,26304100,False,False,3.0,False
2016-03-01,4760.051059575693,4781.073192736936,4758.697108228436,4779.79931640625,32028500,False,False,1.0,False
2016-03-02,4808.675381630151,4840.558416377604,4808.059682969887,4836.00732421875,34594900,False,False,1.0,False
2016-03-03,4848.716607026188,4868.064973315199,4812.670161682043,4843.85009765625,38870000,False,False,1.0,False
2016-03-04,4844.298100716818,4860.449815256584,4802.187924765124,4850.69384765625,45127100,False,False,1.0,False
2016-03-07,4860.01890547776,4870.086384847961,4821.273342747127,4831.38720703125,45624500,False,False,3.0,False
2016-03-08,4830.862991762518,4842.478751162164,4775.886124964618,4810.85498046875,40452100,False,False,1.0,False
2016-03-10,4791.497129579514,4798.196575214847,4761.195089234467,4793.01611328125,33233700,False,False,2.0,False
2016-03-11,4784.051443611655,4813.59130859375,4776.812956035463,4813.59130859375,31534700,False,False,1.0,False
2016-03-14,4838.841343059792,4878.005833476967,4835.084653421462,4877.3408203125,44561400,False,False,3.0,False
2016-03-15,4880.684823613261,4884.07971086238,4843.73216191503,4849.591796875,44545000,False,False,1.0,False
2016-03-16,4848.41846760865,4861.251953125,4837.394970328835,4861.251953125,42292200,False,False,1.0,False
2016-03-17,4882.983984462019,4900.222572062078,4869.621710999978,4885.498046875,49838900,False,False,1.0,False
2016-03-18,4889.7058918713055,4908.06894747528,4858.396073992478,4885.51806640625,51103000,False,False,1.0,False
2016-03-21,4871.056693454256,4905.123239945484,4865.052044119301,4884.97314453125,37618600,False,False,3.0,False
2016-03-22,4870.705479241286,4886.23368356521,4833.516008476253,4855.91796875,36051400,False,False,1.0,False
2016-03-23,4849.981112972572,4853.98681640625,4822.148212127454,4853.98681640625,42812300,False,False,1.0,False
2016-03-24,4836.435176460102,4849.706633589096,4817.533078677287,4826.8994140625,34571400,False,False,1.0,False
2016-03-28,4809.000082615863,4813.730855758745,4757.614872962649,4773.4404296875,29163800,False,False,4.0,False
2016-03-29,4767.3472138495845,4786.027152975121,4759.898284179994,4781.111328125,33131800,False,False,1.0,False
2016-03-30,4796.967067716682,4832.930023185443,4792.070285687001,4816.46728515625,38235200,False,False,1.0,False
2016-03-31,4826.915751461553,4845.18212890625,4808.076642447461,4845.18212890625,50891800,False,False,1.0,False
2016-04-01,4843.205070009234,4844.169876114273,4819.745047876176,4842.9970703125,30942800,False,False,1.0,False
2016-04-04,4839.958398539008,4864.7474717713885,4838.790475293552,4849.98681640625,37038800,False,False,3.0,False
2016-04-05,4848.658561935439,4883.493144418925,4842.973724473912,4857.8828125,33922100,False,False,1.0,False
2016-04-06,4862.87178318708,4878.810127746515,4861.389907264589,4868.04052734375,47514100,False,False,1.0,False
2016-04-07,4884.644824707805,4900.275075670711,4858.310888826468,4867.095703125,49260900,False,False,1.0,False
2016-04-08,4839.464142104644,4862.615583183689,4829.256532285204,4846.51513671875,42326600,False,False,1.0,False
2016-04-11,4833.166649810842,4843.441151795188,4766.629203466937,4786.78759765625,33211700,False,False,3.0,False
2016-04-12,4788.235488511373,4829.38525390625,4776.795992398073,4829.38525390625,37252800,False,False,1.0,False
2016-04-13,4846.789297171885,4856.40269236507,4831.386088366999,4852.81591796875,67431700,False,False,1.0,False
2016-04-14,4872.03633972826,4873.23844135163,4814.65869140625,4814.65869140625,44628800,False,False,1.0,False
2016-04-15,4834.712938373636,4838.828012782721,4792.952842970186,4823.38037109375,36074500,False,False,1.0,False
2016-04-18,4812.3912168333245,4865.34521484375,4800.077730232323,4865.34521484375,3041610200,True,False,3.0,False
2016-04-19,4875.308355723786,4886.308904270955,4864.701834814325,4881.740234375,44507100,False,False,1.0,False
2016-04-20,4876.063978175615,4882.948963904071,4857.5329616979125,4876.40625,44144900,False,False,1.0,False
2016-04-21,4884.731664461014,4906.637061468944,4884.652565978594,4902.89892578125,38051900,False,False,1.0,False
2016-04-22,4898.535291513049,4917.397349863323,4883.69163134617,4914.54541015625,39258200,False,False,1.0,False
2016-04-25,4920.211273370972,4920.211273370972,4863.145624015016,4878.671875,42334500,False,False,3.0,False
2016-04-26,4865.960374814965,4866.195228948725,4788.188501659657,4813.9052734375,38074400,False,False,1.0,False
2016-04-27,4807.498551103032,4845.46923828125,4803.02167491214,4845.46923828125,47033900,False,False,1.0,False
2016-04-28,4861.760701968716,4876.980811870459,4830.498736850054,4848.201171875,47575300,False,False,1.0,False
2016-04-29,4839.177703867012,4839.436482848942,4818.667272368994,4838.39453125,37300400,False,False,1.0,False
2016-05-02,4828.775075989871,4835.334879440842,4770.371585867958,4808.1318359375,31240600,False,False,3.0,False
2016-05-03,4818.786848615971,4833.803354873349,4805.843992239104,4812.0771484375,3420718900,True,False,1.0,False
2016-05-04,4808.466850628392,4822.40771484375,4765.22487957541,4822.40771484375,37196200,False,False,1.0,False
2016-05-09,4808.334124885195,4812.703095714412,4745.316554470258,4749.13037109375,32668900,False,False,5.0,True
2016-05-10,4749.337931830422,4766.52818012797,4728.354862537751,4762.9296875,31662200,False,False,1.0,False
2016-05-11,4780.951905343739,4811.411656053081,4770.181328899501,4799.77685546875,27307500,False,False,1.0,False
2016-05-12,4795.550099999088,4824.996219129223,4792.021428795376,4803.134765625,30551600,False,False,1.0,False
2016-05-13,4801.004809377784,4802.816750488964,4745.724248702294,4761.529296875,34288500,False,False,1.0,False
2016-05-16,4745.289008093155,4748.632627659065,4720.059035279297,4731.37744140625,29534000,False,False,3.0,False
2016-05-17,4736.981621795221,4744.963244692808,4717.0761466445,4728.9716796875,34494500,False,False,1.0,False
2016-05-18,4721.711911574603,4742.886867280476,4713.532054699937,4734.17236328125,36940600,False,False,1.0,False
2016-05-19,4733.287923773051,4739.1397467709,4691.388187541311,4704.03369140625,30558600,False,False,1.0,False
2016-05-20,4698.785169662607,4722.095298942669,4690.375828496932,4711.69482421875,29906000,False,False,1.0,False
2016-05-23,4714.493315285933,4743.4775390625,4714.493315285933,4743.4775390625,27747200,False,False,3.0,False
2016-05-24,4737.978916304607,4750.175219566742,4710.60205078125,4710.60205078125,33466000,False,False,1.0,False
2016-05-25,4733.703179752568,4772.79150390625,4733.367743574223,4772.79150390625,36892200,False,False,1.0,False
2016-05-26,4777.380643908473,4784.473629100606,4761.274338234013,4784.37841796875,30609400,False,False,1.0,False
2016-05-27,4782.26199937281,4814.54345703125,4778.35394844491,4814.54345703125,3112906900,True,False,1.0,False
2016-05-30,4818.866384385431,4844.935192575001,4816.882086723233,4835.8447265625,36790900,False,False,3.0,False
2016-05-31,4833.529325130435,4836.183518524475,4792.014342142632,4796.68212890625,42407700,False,False,1.0,False
2016-06-01,4801.666023450493,4851.552264193326,4800.52104851101,4839.4794921875,27373000,False,False,1.0,False
2016-06-02,4836.3167669640125,4860.673729719391,4833.037109375,4833.037109375,28193100,False,False,1.0,False
2016-06-03,4845.234217588648,4861.1105526184165,4838.89462065094,4853.73291015625,2607634700,True,False,1.0,False
2016-06-06,4862.378742709273,4895.83447265625,4860.438876756568,4895.83447265625,31677400,False,False,3.0,False
2016-06-07,4908.054223887978,4933.796875,4907.315971351487,4933.796875,42211700,False,False,1.0,False
2016-06-08,4927.902363519922,4939.905802399264,4892.437435802666,4915.86962890625,37066100,False,False,1.0,False
2016-06-09,4912.816460635786,4918.972470862116,4876.60400390625,4876.60400390625,43300300,False,False,1.0,False
2016-06-10,4882.084603740542,4887.397384935081,4847.8671875,4847.8671875,77424800,False,False,1.0,False
2016-06-13,4837.831809859969,4837.831809859969,4807.0390625,4807.0390625,67373300,False,False,3.0,False
2016-06-14,4797.433549312354,4833.209013505484,4792.3487861167205,4821.40234375,62010100,False,False,1.0,False
2016-06-15,4811.038714338528,4814.63671875,4788.89943980611,4814.63671875,53712900,False,False,1.0,False
2016-06-16,4819.047174637847,4829.26308534995,4801.6850578758285,4814.20361328125,39908400,False,False,1.0,False
2016-06-17,4825.539428590635,4837.841684640618,4806.408336490681,4834.955078125,42528600,False,False,1.0,False
2016-06-20,4849.502490850377,4863.341796875,4828.400283431587,4863.341796875,43916600,False,False,3.0,False
2016-06-21,4873.2492288035855,4889.26471853462,4868.037517654868,4878.52392578125,51514400,False,False,1.0,False
2016-06-22,4876.682417610173,4899.008697785398,4876.682417610173,4896.66162109375,57228200,False,False,1.0,False
2016-06-23,4896.60508076808,4899.306147384185,4855.861551330705,4874.119140625,53476900,False,False,1.0,False
2016-06-24,4877.856219586458,4884.6049805936655,4754.172064287601,4834.380859375,57226600,False,False,1.0,False
2016-06-27,4803.8586692467525,4846.229088182766,4795.775976455183,4835.86328125,38717800,False,False,3.0,False
2016-06-28,4835.940756112618,4890.414710933593,4835.244005877069,4881.98095703125,47765500,False,False,1.0,False
2016-06-29,4905.787065035536,4979.9111328125,4905.787065035536,4979.9111328125,40998400,False,False,1.0,False
2016-06-30,4999.683756703671,5033.046718797039,4996.200981808135,5016.4521484375,54961500,False,False,1.0,False
2016-07-01,5027.421648715372,5039.490026978724,4971.3876953125,4971.3876953125,40459000,False,False,1.0,False
2016-07-11,5021.047757680587,5080.105517896826,5018.200700512046,5068.82177734375,42889500,False,False,10.0,True
2016-07-12,5091.967083309249,5119.928886888752,5075.362748352062,5099.3349609375,58326000,False,False,1.0,False
2016-07-13,5112.786947649029,5133.7333984375,5090.389869697561,5133.7333984375,58783300,False,False,1.0,False
2016-07-14,5125.485665173126,5130.83116034582,5080.831152338469,5083.34130859375,52550300,False,False,1.0,False
2016-07-15,5090.050581621294,5130.138862480881,5090.050581621294,5109.97900390625,49941000,False,False,1.0,False
2016-07-18,5107.717557809314,5131.505696033079,5092.955924333963,5127.3017578125,49213200,False,False,3.0,False
2016-07-19,5132.701751894003,5193.695467742234,5132.701751894003,5172.62841796875,52188500,False,False,1.0,False
2016-07-20,5185.392364626992,5242.619140625,5185.392364626992,5242.619140625,51072100,False,False,1.0,False
2016-07-21,5246.095537841898,5268.662041984045,5213.785760729121,5216.77001953125,63172100,False,False,1.0,False
2016-07-22,5214.966099950914,5215.32790228422,5179.421584080441,5197.048828125,40604200,False,False,1.0,False
2016-07-25,5201.245870172012,5226.903563279163,5197.602945506034,5220.5986328125,37450800,False,False,3.0,False
2016-07-26,5218.062738865306,5231.296109812356,5200.420360072191,5224.19140625,50637700,False,False,1.0,False
2016-07-27,5245.199856378383,5301.724025703099,5245.199856378383,5274.15576171875,49296300,False,False,1.0,False
2016-07-28,5278.291821139323,5299.0068359375,5255.261466686854,5299.0068359375,55657300,False,False,1.0,False
2016-07-29,5300.692494357964,5333.913368565125,5215.791015625,5215.791015625,68556100,False,False,1.0,False
2016-08-01,5280.0046289388965,5368.043197429545,5279.380629767852,5361.36767578125,62344100,False,False,3.0,False
2016-08-02,5356.696929078574,5386.353976013575,5356.21940863237,5373.11376953125,63205300,False,False,1.0,False
2016-08-03,5367.375366125917,5383.28783358029,5331.118962833743,5351.669921875,59763500,False,False,1.0,False
2016-08-04,5364.799661534473,5389.398800281276,5357.406395047025,5373.6533203125,56277200,False,False,1.0,False
2016-08-05,5379.902440795504,5427.306845905865,5377.209674499117,5420.03515625,57902200,False,False,1.0,False
2016-08-08,5434.99457732077,5458.7666015625,5427.05689789715,5458.7666015625,61349000,False,False,3.0,False
2016-08-09,5459.681365391621,5476.006901318258,5428.46676101939,5440.0810546875,69806100,False,False,1.0,False
2016-08-10,5439.546260203454,5456.911795768643,5405.680878061355,5423.73828125,88003800,False,False,1.0,False
2016-08-11,5437.880119649689,5455.587438179607,5397.101921842843,5418.876953125,88527100,False,False,1.0,False
2016-08-12,5432.620391243069,5448.85169250979,5366.131770520076,5376.986328125,46370500,False,False,1.0,False
2016-08-15,5389.808814344769,5396.738719826173,5296.38521222356,5320.353515625,56913800,False,False,3.0,False
2016-08-16,5341.725775783862,5377.212184922549,5338.432935441655,5371.63671875,43406600,False,False,1.0,False
2016-08-18,5387.556576599763,5461.23779296875,5385.912597569813,5461.23779296875,51925600,False,False,2.0,False
2016-08-19,5467.800714680716,5470.766419751245,5415.82470703125,5415.82470703125,46129700,False,False,1.0,False
2016-08-22,5425.685108297085,5434.980645431762,5398.585087413275,5426.9638671875,64659600,False,False,3.0,False
2016-08-23,5433.824050680561,5438.288720976883,5350.858035651975,5416.9296875,59172200,False,False,1.0,False
2016-08-24,5406.59461701549,5418.238206526933,5385.033444992351,5403.78173828125,55692400,False,False,1.0,False
2016-08-25,5413.780855890509,5453.904296875,5412.317533842337,5453.904296875,48041800,False,False,1.0,False
2016-08-26,5453.855363356684,5456.425575709179,5419.531017200149,5438.619140625,63101200,False,False,1.0,False
2016-08-29,5424.934402415745,5426.007602744231,5347.842194469888,5370.5546875,54184900,False,False,3.0,False
2016-08-30,5368.3571788642175,5388.428664044903,5336.503436972063,5362.107421875,56546900,False,False,1.0,False
2016-08-31,5354.914778259211,5398.950174966223,5353.082818259602,5385.87255859375,49524600,False,False,1.0,False
2016-09-01,5368.3072723106025,5376.433909288507,5319.877027465534,5334.33935546875,47156400,False,False,1.0,False
2016-09-02,5323.366395656309,5359.700921329649,5322.835166297937,5353.2529296875,46566900,False,False,1.0,False
2016-09-05,5378.415660460966,5396.706940712384,5347.384641692653,5356.74560546875,49406800,False,False,3.0,False
2016-09-06,5362.835802152392,5372.998491803502,5342.34978458289,5371.88671875,41155400,False,False,1.0,False
2016-09-07,5382.00729063398,5392.876984695196,5357.313427677103,5381.14453125,37206200,False,False,1.0,False
2016-09-08,5382.853048213972,5383.326174292532,5364.40064288794,5370.86865234375,41376500,False,False,1.0,False
2016-09-09,5355.133854311495,5358.297793377161,5281.7109375,5281.7109375,43296700,False,False,1.0,False
2016-09-13,5265.90379331486,5268.333874450702,5211.663230063991,5215.36376953125,43786000,False,False,4.0,False
2016-09-14,5188.196105988779,5189.156029581107,5127.968468635171,5145.837890625,50757500,False,False,1.0,False
2016-09-15,5160.547060748498,5270.283509535424,5158.526143362752,5265.61376953125,45898400,False,False,1.0,False
2016-09-16,5287.216031775788,5304.883312698764,5252.050408665171,5267.56396484375,47385800,False,False,1.0,False
2016-09-19,5288.91582661416,5331.766206425197,5285.930103200064,5321.63330078125,33639200,False,False,3.0,False
2016-09-20,5323.091964930167,5336.04361004766,5298.0719411513965,5302.287109375,54051100,False,False,1.0,False
2016-09-21,5295.676623249357,5347.791781625184,5274.979675186914,5342.3837890625,46464800,False,False,1.0,False
2016-09-22,5382.111247976657,5411.401123198715,5368.352018068048,5380.052734375,47353800,False,False,1.0,False
2016-09-23,5375.502954360195,5388.69873046875,5355.716614131413,5388.69873046875,43903000,False,False,1.0,False
2016-09-26,5374.951253739718,5375.669975805911,5336.810646266368,5351.93115234375,37701800,False,False,3.0,False
2016-09-27,5336.338193658768,5419.39306640625,5295.452089744499,5419.39306640625,50958300,False,False,1.0,False
2016-09-28,5390.551637273883,5432.772651903889,5382.0265781167,5425.1259765625,67191800,False,False,1.0,False
2016-09-29,5442.611880731671,5474.093562661822,5431.7451171875,5431.7451171875,69425300,False,False,1.0,False
2016-09-30,5412.172951238525,5437.753985947996,5364.59521484375,5364.59521484375,53630200,False,False,1.0,False
2016-10-03,5403.649795501636,5463.70263671875,5403.649795501636,5463.70263671875,53888800,False,False,3.0,False
2016-10-04,5475.419304298067,5482.628007577285,5460.496058089317,5472.103515625,53748000,False,False,1.0,False
2016-10-05,5457.785655944285,5459.952563806089,5399.0120642253005,5420.43701171875,65033700,False,False,1.0,False
2016-10-06,5428.241932354671,5447.045888262889,5389.876237520747,5409.1337890625,71799300,False,False,1.0,False
2016-10-07,5403.624448697868,5408.986056228756,5363.2612750564895,5376.939453125,59414300,False,False,1.0,False
2016-10-10,5370.794037869995,5396.937064031135,5352.60871001441,5360.61962890625,64774600,False,False,3.0,False
2016-10-11,5372.477901419201,5385.548193471939,5344.863741856473,5381.78759765625,84864400,False,False,1.0,False
2016-10-12,5364.143076487666,5380.351429423672,5350.183659375953,5364.40185546875,55480600,False,False,1.0,False
2016-10-13,5368.007705598437,5384.345448127165,5339.275914584928,5340.19189453125,52638100,False,False,1.0,False
2016-10-14,5338.490177585573,5408.559224028306,5331.87227145218,5399.67431640625,55367700,False,False,1.0,False
2016-10-17,5390.751240654756,5422.138203315326,5386.011678926987,5410.0927734375,61546400,False,False,3.0,False
2016-10-18,5424.457728965768,5446.617022382055,5422.705844055279,5429.83642578125,62742900,False,False,1.0,False
2016-10-19,5436.068285821121,5445.587934974488,5401.9436369352015,5409.07763671875,116737500,False,False,1.0,False
2016-10-20,5409.629213183442,5423.132717980228,5395.136479983476,5403.529296875,201336300,True,False,1.0,False
2016-10-21,5407.0733018593255,5416.7912749636525,5395.262617469005,5409.08251953125,79093700,False,False,1.0,False
2016-10-24,5415.316569857849,5433.179810018519,5411.720485020256,5420.83740234375,81119800,False,False,3.0,False
2016-10-25,5425.945938078957,5436.0437829928205,5397.66064453125,5397.66064453125,85020700,False,False,1.0,False
2016-10-26,5387.610063679776,5406.4906071940895,5381.614070239315,5399.5888671875,198835200,True,False,1.0,False
2016-10-27,5405.69580078125,5427.52685546875,5403.85888671875,5416.8359375,333149600,True,False,1.0,False
2016-10-28,5414.5087890625,5426.26416015625,5402.42919921875,5410.26904296875,109309200,False,False,1.0,False
2016-10-31,5413.56884765625,5429.06787109375,5406.0068359375,5422.5419921875,135128600,False,False,3.0,False
2016-11-01,5430.7451171875,5439.02783203125,5415.02978515625,5416.0068359375,80147600,False,False,1.0,False
2016-11-02,5415.02197265625,5420.35888671875,5393.5068359375,5405.455078125,95507600,False,False,1.0,False
2016-11-03,5395.87109375,5402.046875,5329.501953125,5329.501953125,71645500,False,False,1.0,False
2016-11-04,5310.7822265625,5362.66015625,5303.35986328125,5362.66015625,63398900,False,False,1.0,False
2016-11-07,5361.02392578125,5395.3251953125,5341.86181640625,5386.2080078125,83980500,False,False,3.0,False
2016-11-08,5407.38916015625,5476.07177734375,5407.38916015625,5470.68115234375,9734142100,True,False,1.0,False
2016-11-09,5478.0341796875,5491.701171875,5345.1279296875,5414.32080078125,107152200,False,False,1.0,False
2016-11-10,5444.041015625,5482.10595703125,5443.73388671875,5450.30615234375,86519300,False,False,1.0,False
2016-11-11,5380.64111328125,5380.68505859375,5231.97119140625,5231.97119140625,9788202500,True,False,1.0,False
2016-11-14,5194.9267578125,5196.7841796875,5043.35107421875,5115.73876953125,91613700,False,False,3.0,False
2016-11-15,5121.47802734375,5169.35693359375,5073.419921875,5078.5009765625,76584600,False,False,1.0,False
2016-11-16,5112.49609375,5201.1728515625,5112.49609375,5185.46484375,80425400,False,False,1.0,False
2016-11-17,5180.48193359375,5202.31494140625,5162.81201171875,5193.01513671875,75311800,False,False,1.0,False
2016-11-18,5195.076171875,5196.9091796875,5139.205078125,5170.10888671875,71630400,False,False,1.0,False
2016-11-21,5150.826171875,5158.76318359375,5130.44287109375,5148.31884765625,91116600,False,False,3.0,False
2016-11-22,5140.658203125,5204.673828125,5140.51904296875,5204.673828125,97703800,False,False,1.0,False
2016-11-23,5192.34619140625,5211.99609375,5182.34521484375,5211.99609375,86828200,False,False,1.0,False
2016-11-24,5179.22216796875,5194.244140625,5102.4208984375,5107.623046875,78976000,False,False,1.0,False
2016-11-25,5097.10791015625,5129.7529296875,5096.6708984375,5122.10400390625,84213300,False,False,1.0,False
2016-11-28,5111.423828125,5120.86181640625,5091.60986328125,5114.57177734375,121168300,False,False,3.0,False
2016-11-29,5108.751953125,5164.580078125,5108.751953125,5136.6669921875,124696800,False,False,1.0,False
2016-11-30,5148.908203125,5182.14208984375,5146.52490234375,5148.91015625,116497500,False,False,1.0,False
2016-12-01,5168.6337890625,5211.921875,5168.06884765625,5198.7548828125,109410600,False,False,1.0,False
2016-12-02,5207.91796875,5250.2919921875,5199.14208984375,5245.9560546875,77029900,False,False,1.0,False
2016-12-05,5239.89697265625,5280.32177734375,5239.89697265625,5268.30810546875,69209000,False,False,3.0,False
2016-12-06,5279.98388671875,5288.9140625,5259.19384765625,5272.96484375,66277100,False,False,1.0,False
2016-12-07,5272.10009765625,5273.51513671875,5229.7978515625,5265.3681640625,60338200,False,False,1.0,False
2016-12-08,5268.23876953125,5303.73388671875,5263.43505859375,5303.73388671875,65715900,False,False,1.0,False
2016-12-09,5297.5498046875,5308.1259765625,5284.76611328125,5308.1259765625,49814700,False,False,1.0,False
2016-12-13,5296.19189453125,5300.7177734375,5264.73779296875,5293.619140625,53794200,False,False,4.0,False
2016-12-14,5287.19287109375,5306.3369140625,5259.68115234375,5262.81689453125,51760500,False,False,1.0,False
2016-12-15,5230.56494140625,5266.06103515625,5210.6328125,5254.36181640625,64359300,False,False,1.0,False
2016-12-16,5260.1259765625,5263.005859375,5231.65185546875,5231.65185546875,58386700,False,False,1.0,False
2016-12-19,5224.07080078125,5240.4267578125,5190.93310546875,5191.912109375,60026700,False,False,3.0,False
2016-12-20,5179.18212890625,5194.72900390625,5142.39306640625,5162.47705078125,71959000,False,False,1.0,False
2016-12-21,5179.02587890625,5188.94580078125,5111.39208984375,5111.39208984375,54114100,False,False,1.0,False
2016-12-22,5114.39697265625,5120.35693359375,5032.9140625,5042.8701171875,52470700,False,False,1.0,False
2016-12-23,5036.2880859375,5078.23095703125,5022.84814453125,5027.7041015625,51530100,False,False,1.0,False
2016-12-27,5028.35595703125,5112.77587890625,5028.19921875,5102.9541015625,56151600,False,False,4.0,False
2016-12-28,5140.13623046875,5213.27001953125,5139.76904296875,5209.44482421875,52440100,False,False,1.0,False
2016-12-29,5205.27099609375,5311.615234375,5200.26513671875,5302.56591796875,54184200,False,False,1.0,False
2016-12-30,5307.365234375,5334.787109375,5296.7109375,5296.7109375,60042700,False,False,1.0,False
2017-01-03,5290.38818359375,5292.18115234375,5246.85205078125,5275.97119140625,33217000,False,False,4.0,False
2017-01-04,5270.01611328125,5312.9560546875,5249.23388671875,5301.18310546875,53111300,False,False,1.0,False
2017-01-05,5302.6328125,5328.490234375,5302.6328125,5325.50390625,77219400,False,False,1.0,False
2017-01-06,5321.7451171875,5350.2451171875,5318.384765625,5347.02197265625,71615300,False,False,1.0,False
2017-01-09,5350.8798828125,5360.06103515625,5307.5849609375,5316.36376953125,97010200,False,False,3.0,False
2017-01-10,5330.01513671875,5331.1328125,5292.06298828125,5309.923828125,70792500,False,False,1.0,False
2017-01-11,5316.15185546875,5322.97900390625,5301.23681640625,5301.23681640625,84703100,False,False,1.0,False
2017-01-12,5301.0361328125,5322.419921875,5292.75,5292.75,100764000,False,False,1.0,False
2017-01-13,5299.05078125,5310.419921875,5272.98291015625,5272.98291015625,70293600,False,False,1.0,False
2017-01-16,5283.6181640625,5291.49609375,5270.01123046875,5270.01123046875,73077600,False,False,3.0,False
2017-01-17,5266.9228515625,5287.1240234375,5265.60205078125,5266.93798828125,86901800,False,False,1.0,False
2017-01-18,5273.2939453125,5294.7841796875,5273.2939453125,5294.7841796875,113444600,False,False,1.0,False
2017-01-19,5302.2109375,5309.9521484375,5288.5771484375,5298.9482421875,85392800,False,False,1.0,False
2017-01-20,5290.56298828125,5293.0810546875,5243.74609375,5254.31103515625,153081800,True,False,1.0,False
2017-01-23,5250.634765625,5265.44287109375,5228.2861328125,5250.9677734375,147556800,False,False,3.0,False
2017-01-24,5267.73388671875,5297.4912109375,5267.73388671875,5292.087890625,147150800,False,False,1.0,False
2017-01-25,5302.8740234375,5310.6689453125,5287.1259765625,5293.7822265625,269423400,True,False,1.0,False
2017-01-26,5305.11376953125,5327.509765625,5291.43603515625,5317.6328125,190768100,True,False,1.0,False
2017-01-27,5304.9638671875,5321.68017578125,5297.2548828125,5312.83984375,142739500,False,False,1.0,False
2017-01-30,5321.55419921875,5331.51611328125,5302.662109375,5302.662109375,193337900,True,False,3.0,False
2017-01-31,5316.6689453125,5321.35498046875,5294.10302734375,5294.10302734375,191451600,True,False,1.0,False
2017-02-01,5319.94384765625,5341.48095703125,5317.4951171875,5327.1611328125,256731400,True,False,1.0,False
2017-02-02,5327.02001953125,5353.712890625,5326.98681640625,5353.712890625,165664500,True,False,1.0,False
2017-02-03,5355.27197265625,5366.44384765625,5354.58984375,5360.76708984375,13055400,False,False,1.0,False
2017-02-06,5369.52197265625,5395.9951171875,5369.44189453125,5395.9951171875,153355200,True,False,3.0,False
2017-02-07,5387.64794921875,5396.09912109375,5380.59814453125,5381.47509765625,171422900,True,False,1.0,False
2017-02-08,5380.10986328125,5382.0732421875,5349.462890625,5361.087890625,325033400,True,False,1.0,False
2017-02-09,5366.34423828125,5384.9560546875,5363.46923828125,5372.0771484375,258337100,True,False,1.0,False
2017-02-10,5378.916015625,5400.171875,5371.6689453125,5371.6689453125,167200000,True,False,1.0,False
2017-02-13,5396.56298828125,5418.3759765625,5388.67822265625,5409.55615234375,182414000,True,False,3.0,False
2017-02-14,5402.55810546875,5409.35498046875,5370.494140625,5380.669921875,142907500,False,False,1.0,False
2017-02-16,5389.06884765625,5395.27880859375,5357.7119140625,5377.998046875,218393700,True,False,2.0,False
2017-02-17,5366.85400390625,5370.3310546875,5340.85791015625,5350.93212890625,179271900,True,False,1.0,False
2017-02-20,5358.5517578125,5373.091796875,5351.01806640625,5359.2880859375,107921200,False,False,3.0,False
2017-02-21,5363.61376953125,5375.69580078125,5336.8349609375,5340.990234375,209661500,True,False,1.0,False
2017-02-22,5353.10693359375,5360.4140625,5331.43115234375,5358.68310546875,189512900,True,False,1.0,False
2017-02-23,5348.35888671875,5373.63818359375,5347.85791015625,5372.748046875,174887600,True,False,1.0,False
2017-02-24,5371.01708984375,5391.259765625,5370.7890625,5385.90576171875,116360700,False,False,1.0,False
2017-02-27,5387.81689453125,5393.662109375,5368.4228515625,5382.8740234375,102443500,False,False,3.0,False
2017-02-28,5390.3427734375,5405.7900390625,5386.69189453125,5386.69189453125,82270600,False,False,1.0,False
2017-03-01,5389.16796875,5392.7919921875,5350.91015625,5363.05615234375,80795600,False,False,1.0,False
2017-03-02,5394.72705078125,5431.1728515625,5394.72705078125,5408.25390625,74167000,False,False,1.0,False
2017-03-03,5402.580078125,5410.90283203125,5384.7890625,5391.21484375,106883400,False,False,1.0,False
2017-03-06,5398.0517578125,5409.81689453125,5386.8251953125,5409.81689453125,102030600,False,False,3.0,False
2017-03-07,5416.02099609375,5427.9072265625,5386.32080078125,5402.615234375,96160400,False,False,1.0,False
2017-03-08,5407.52978515625,5415.23095703125,5390.0068359375,5393.76416015625,72878500,False,False,1.0,False
2017-03-09,5393.93896484375,5405.587890625,5386.9970703125,5402.38623046875,69424400,False,False,1.0,False
2017-03-10,5414.9150390625,5415.72216796875,5369.7529296875,5390.6767578125,79484800,False,False,1.0,False
2017-03-13,5389.201171875,5409.3720703125,5386.3427734375,5409.3720703125,70965500,False,False,3.0,False
2017-03-14,5415.9501953125,5449.76318359375,5412.9619140625,5431.5849609375,82241800,False,False,1.0,False
2017-03-15,5433.68017578125,5447.48583984375,5424.51611328125,5432.380859375,75739600,False,False,1.0,False
2017-03-16,5461.912109375,5518.2412109375,5458.419921875,5518.2412109375,79972200,False,False,1.0,False
2017-03-17,5539.81884765625,5557.97509765625,5499.38720703125,5540.43212890625,87948800,False,False,1.0,False
2017-03-20,5552.39404296875,5566.93212890625,5510.27490234375,5533.9921875,83916000,False,False,3.0,False
2017-03-21,5541.0458984375,5554.44384765625,5525.97705078125,5543.0927734375,78762300,False,False,1.0,False
2017-03-22,5512.72900390625,5534.0927734375,5486.85107421875,5534.0927734375,81597500,False,False,1.0,False
2017-03-23,5539.63818359375,5576.66796875,5532.64794921875,5563.7587890625,71128500,False,False,1.0,False
2017-03-24,5565.6240234375,5581.18310546875,5546.83203125,5567.1337890625,64734100,False,False,1.0,False
2017-03-27,5557.9248046875,5567.43115234375,5531.326171875,5541.2021484375,62855600,False,False,3.0,False
2017-03-29,5552.783203125,5592.77490234375,5552.783203125,5592.509765625,72492200,False,False,2.0,False
2017-03-30,5581.1162109375,5592.9521484375,5555.3671875,5592.9521484375,98370200,False,False,1.0,False
2017-03-31,5589.52392578125,5606.02490234375,5568.10595703125,5568.10595703125,73764600,False,False,1.0,False
2017-04-03,5583.34521484375,5616.94287109375,5581.31396484375,5606.7890625,81392100,False,False,3.0,False
2017-04-04,5611.6650390625,5654.39892578125,5608.52392578125,5651.8232421875,106415400,False,False,1.0,False
2017-04-05,5668.001953125,5676.97998046875,5644.7919921875,5676.97998046875,83898800,False,False,1.0,False
2017-04-06,5668.30615234375,5680.23876953125,5645.30615234375,5680.23876953125,68797100,False,False,1.0,False
2017-04-07,5674.01123046875,5677.7177734375,5643.35009765625,5653.48583984375,64404200,False,False,1.0,False
2017-04-10,5662.6689453125,5677.07080078125,5628.98486328125,5644.298828125,72743800,False,False,3.0,False
2017-04-11,5647.90380859375,5658.72705078125,5621.7861328125,5627.93310546875,95131900,False,False,1.0,False
2017-04-12,5633.97509765625,5650.03515625,5631.7470703125,5644.15478515625,84273900,False,False,1.0,False
2017-04-13,5658.19921875,5660.384765625,5613.5439453125,5616.544921875,62159000,False,False,1.0,False
2017-04-17,5624.6171875,5631.509765625,5577.48681640625,5577.48681640625,60945800,False,False,4.0,False
2017-04-18,5597.666015625,5626.52392578125,5597.1689453125,5606.51708984375,69950500,False,False,1.0,False
2017-04-20,5609.89208984375,5619.36083984375,5590.03076171875,5595.30615234375,73938500,False,False,2.0,False
2017-04-21,5600.419921875,5664.47509765625,5599.4951171875,5664.47509765625,53480800,False,False,1.0,False
2017-04-25,5690.89404296875,5696.38916015625,5653.67578125,5680.7958984375,59697700,False,False,4.0,False
2017-04-26,5687.080078125,5726.52978515625,5679.59423828125,5726.52978515625,65935900,False,False,1.0,False
2017-04-27,5708.23095703125,5718.89501953125,5697.791015625,5707.02783203125,68662300,False,False,1.0,False
2017-04-28,5715.0849609375,5724.5078125,5684.58984375,5685.2978515625,57985100,False,False,1.0,False
2017-05-02,5703.8671875,5714.34423828125,5675.80810546875,5675.80810546875,57814800,False,False,4.0,False
2017-05-03,5681.59912109375,5686.8251953125,5647.3232421875,5647.3681640625,65683200,False,False,1.0,False
2017-05-04,5656.0908203125,5676.0087890625,5643.05419921875,5669.44287109375,66172000,False,False,1.0,False
2017-05-05,5665.10693359375,5696.47607421875,5659.9658203125,5683.376953125,75048200,False,False,1.0,False
2017-05-08,5699.30078125,5727.4921875,5692.56103515625,5707.86181640625,69605600,False,False,3.0,False
2017-05-09,5730.2509765625,5745.84716796875,5693.6748046875,5697.05615234375,59581000,False,False,1.0,False
2017-05-10,5697.9560546875,5718.5869140625,5636.2041015625,5653.0078125,73073800,False,False,1.0,False
2017-05-12,5680.5859375,5698.9619140625,5668.7177734375,5675.2158203125,79691200,False,False,2.0,False
2017-05-15,5689.80517578125,5693.9931640625,5649.083984375,5688.8701171875,61924800,False,False,3.0,False
2017-05-16,5690.2978515625,5696.623046875,5646.9990234375,5646.9990234375,54203300,False,False,1.0,False
2017-05-17,5661.48193359375,5664.31689453125,5608.80322265625,5615.4921875,53254300,False,False,1.0,False
2017-05-18,5590.47314453125,5645.451171875,5577.52197265625,5645.451171875,68547400,False,False,1.0,False
2017-05-19,5643.537109375,5825.2080078125,5630.07177734375,5791.8837890625,70741400,False,False,1.0,False
2017-05-22,5837.17578125,5874.43896484375,5743.38818359375,5749.44482421875,58742100,False,False,3.0,False
2017-05-23,5770.6171875,5777.68701171875,5692.98388671875,5730.61279296875,53659300,False,False,1.0,False
2017-05-24,5678.39306640625,5704.7060546875,5672.04296875,5703.43310546875,59809800,False,False,1.0,False
2017-05-26,5713.35400390625,5728.60498046875,5703.89013671875,5716.81494140625,57655300,False,False,2.0,False
2017-05-29,5728.80712890625,5730.84423828125,5703.4619140625,5712.3310546875,50129600,False,False,3.0,False
2017-05-30,5700.77392578125,5730.05615234375,5693.39111328125,5693.39111328125,62769800,False,False,1.0,False
2017-05-31,5697.81494140625,5738.15478515625,5697.81494140625,5738.15478515625,91263500,False,False,1.0,False
2017-06-02,5749.4208984375,5752.65576171875,5726.01416015625,5742.44580078125,64775200,False,False,2.0,False
2017-06-05,5747.89111328125,5765.8291015625,5737.580078125,5748.23486328125,56536500,False,False,3.0,False
2017-06-06,5743.39501953125,5754.2939453125,5701.658203125,5707.8310546875,61071500,False,False,1.0,False
2017-06-07,5716.96923828125,5735.990234375,5709.14697265625,5717.3251953125,46852400,False,False,1.0,False
2017-06-08,5719.02978515625,5725.8828125,5702.921875,5702.921875,45346000,False,False,1.0,False
2017-06-09,5699.25390625,5704.86181640625,5669.873046875,5675.52294921875,51126700,False,False,1.0,False
2017-06-12,5668.72216796875,5716.5361328125,5668.72216796875,5691.43603515625,37789600,False,False,3.0,False
2017-06-13,5694.9501953125,5715.2080078125,5693.8759765625,5707.64501953125,43934000,False,False,1.0,False
2017-06-14,5708.06591796875,5792.89697265625,5707.9189453125,5792.89697265625,49219200,False,False,1.0,False
2017-06-15,5776.30078125,5791.2041015625,5768.15380859375,5776.283203125,33694700,False,False,1.0,False
2017-06-16,5768.1640625,5797.1181640625,5720.9248046875,5723.63623046875,52479900,False,False,1.0,False
2017-06-19,5731.076171875,5745.56787109375,5726.76708984375,5741.9091796875,55163600,False,False,3.0,False
2017-06-20,5749.5791015625,5791.90380859375,5747.4541015625,5791.90380859375,47631600,False,False,1.0,False
2017-06-21,5772.0859375,5818.5517578125,5771.576171875,5818.5517578125,41419800,False,False,1.0,False
2017-06-22,5830.97802734375,5831.33984375,5804.60302734375,5829.7080078125,36295400,False,False,1.0,False
2017-07-03,5846.60302734375,5910.23681640625,5831.2041015625,5910.23681640625,47327700,False,False,11.0,True
2017-07-04,5886.72021484375,5896.3701171875,5858.61376953125,5865.36376953125,38141000,False,False,1.0,False
2017-07-05,5865.4248046875,5874.68505859375,5808.34521484375,5825.05419921875,45875400,False,False,1.0,False
2017-07-06,5817.794921875,5852.34423828125,5817.39111328125,5849.5751953125,40285800,False,False,1.0,False
2017-07-07,5839.88818359375,5863.5849609375,5810.36181640625,5814.79296875,36388600,False,False,1.0,False
2017-07-10,5814.79296875,5826.31396484375,5769.3388671875,5771.505859375,29086900,False,False,3.0,False
2017-07-11,5772.97998046875,5784.0810546875,5765.36279296875,5773.326171875,50424600,False,False,1.0,False
2017-07-12,5771.47314453125,5827.1318359375,5771.47314453125,5819.1318359375,43977100,False,False,1.0,False
2017-07-13,5839.39794921875,5843.17578125,5809.40185546875,5830.0439453125,41691200,False,False,1.0,False
2017-07-14,5827.548828125,5833.7587890625,5804.43603515625,5831.794921875,35734600,False,False,1.0,False
2017-07-17,5831.02392578125,5841.27978515625,5824.26416015625,5841.27978515625,49922900,False,False,3.0,False
2017-07-18,5824.93212890625,5831.69384765625,5806.60302734375,5822.35205078125,53830100,False,False,1.0,False
2017-07-19,5822.23681640625,5822.48193359375,5797.34619140625,5806.68994140625,43518400,False,False,1.0,False
2017-07-20,5808.8818359375,5828.14013671875,5808.1162109375,5825.2080078125,43771900,False,False,1.0,False
2017-07-21,5824.52587890625,5831.462890625,5760.958984375,5765.423828125,40711100,False,False,1.0,False
2017-07-24,5760.083984375,5801.5869140625,5756.51318359375,5801.5869140625,49340900,False,False,3.0,False
2017-07-25,5805.59716796875,5813.53515625,5780.48486328125,5813.53515625,46895400,False,False,1.0,False
2017-07-26,5809.89306640625,5831.64013671875,5785.89990234375,5800.2060546875,56453600,False,False,1.0,False
2017-07-27,5807.27587890625,5820.962890625,5805.9228515625,5819.744140625,49848700,False,False,1.0,False
2017-07-28,5822.80712890625,5831.02685546875,5804.794921875,5831.02685546875,63785400,False,False,1.0,False
2017-07-31,5820.01123046875,5847.2451171875,5816.52978515625,5840.93896484375,52731300,False,False,3.0,False
2017-08-01,5853.505859375,5858.93408203125,5805.205078125,5805.205078125,69809900,False,False,1.0,False
2017-08-02,5815.06591796875,5824.2490234375,5792.1669921875,5824.2490234375,51290400,False,False,1.0,False
2017-08-03,5818.55517578125,5825.0517578125,5780.576171875,5780.576171875,44658800,False,False,1.0,False
2017-08-04,5775.9208984375,5800.12890625,5769.39794921875,5777.48193359375,39744400,False,False,1.0,False
2017-08-07,5780.89404296875,5812.791015625,5749.2919921875,5749.2919921875,42147500,False,False,3.0,False
2017-08-08,5755.044921875,5810.56298828125,5755.044921875,5810.56298828125,48403600,False,False,1.0,False
2017-08-09,5813.60400390625,5824.0068359375,5792.77783203125,5824.0068359375,55021100,False,False,1.0,False
2017-08-10,5828.5419921875,5833.85791015625,5810.76123046875,5825.94580078125,56586000,False,False,1.0,False
2017-08-11,5812.24609375,5812.90576171875,5756.462890625,5766.13818359375,55175200,False,False,1.0,False
2017-08-14,5780.69921875,5812.87109375,5780.69921875,5801.48779296875,48743500,False,False,3.0,False
2017-08-15,5808.64599609375,5842.8349609375,5808.26123046875,5835.041015625,62419400,False,False,1.0,False
2017-08-16,5842.56005859375,5891.94921875,5836.14794921875,5891.94921875,57886400,False,False,1.0,False
2017-08-18,5879.67919921875,5912.1162109375,5869.1318359375,5893.8408203125,46506900,False,False,2.0,False
2017-08-21,5893.416015625,5901.58203125,5855.23583984375,5861.00390625,42745100,False,False,3.0,False
2017-08-22,5862.5927734375,5885.59619140625,5862.47607421875,5880.296875,58668100,False,False,1.0,False
2017-08-23,5900.40087890625,5914.02392578125,5881.7548828125,5914.02392578125,77528100,False,False,1.0,False
2017-08-24,5914.09814453125,5916.82080078125,5874.27685546875,5894.1171875,86700500,False,False,1.0,False
2017-08-25,5906.119140625,5915.36279296875,5880.02001953125,5915.36279296875,64107900,False,False,1.0,False
2017-08-28,5904.369140625,5914.47998046875,5890.48095703125,5903.3408203125,86874800,False,False,3.0,False
2017-08-29,5899.74609375,5902.60986328125,5865.4091796875,5888.2119140625,57947400,False,False,1.0,False
2017-08-30,5888.4267578125,5893.90380859375,5863.14599609375,5872.505859375,51307600,False,False,1.0,False
2017-08-31,5873.73095703125,5881.73583984375,5845.27392578125,5864.05908203125,63529600,False,False,1.0,False
2017-09-04,5858.2099609375,5861.60009765625,5806.31689453125,5813.7412109375,50726200,False,False,4.0,False
2017-09-05,5823.01318359375,5834.18408203125,5774.30712890625,5829.97900390625,64988500,False,False,1.0,False
2017-09-06,5809.30615234375,5831.47998046875,5803.123046875,5824.13818359375,61681800,False,False,1.0,False
2017-09-07,5824.51513671875,5835.8779296875,5810.48388671875,5832.31103515625,50424900,False,False,1.0,False
2017-09-08,5825.1220703125,5866.98876953125,5819.52880859375,5857.119140625,46573100,False,False,1.0,False
2017-09-11,5863.423828125,5883.951171875,5858.2421875,5871.880859375,51533200,False,False,3.0,False
2017-09-12,5877.2451171875,5884.15087890625,5861.53515625,5872.376953125,59543200,False,False,1.0,False
2017-09-13,5860.48779296875,5881.69482421875,5840.91796875,5845.73388671875,67508200,False,False,1.0,False
2017-09-14,5849.72314453125,5867.20703125,5841.39794921875,5852.001953125,73420600,False,False,1.0,False
2017-09-15,5854.44580078125,5875.52978515625,5831.18017578125,5872.39208984375,62775100,False,False,1.0,False
2017-09-18,5875.11181640625,5884.61083984375,5851.22509765625,5884.61083984375,51691500,False,False,3.0,False
2017-09-19,5885.212890625,5901.326171875,5868.337890625,5901.326171875,57340500,False,False,1.0,False
2017-09-20,5902.2080078125,5908.85791015625,5885.83203125,5906.5732421875,59948400,False,False,1.0,False
2017-09-22,5905.22509765625,5928.7861328125,5883.56591796875,5911.7080078125,50278100,False,False,2.0,False
2017-09-25,5910.1611328125,5918.0859375,5882.94384765625,5894.61181640625,46527500,False,False,3.0,False
2017-09-26,5897.01318359375,5904.9541015625,5859.84814453125,5863.9619140625,59271800,False,False,1.0,False
2017-09-27,5872.58984375,5873.02783203125,5841.02197265625,5863.02685546875,53676700,False,False,1.0,False
2017-09-28,5860.5498046875,5866.60693359375,5839.5908203125,5841.046875,60274300,False,False,1.0,False
2017-09-29,5855.0791015625,5907.43798828125,5851.7001953125,5900.85400390625,50217900,False,False,1.0,False
2017-10-02,5917.751953125,5936.13818359375,5909.10791015625,5914.02978515625,48741000,False,False,3.0,False
2017-10-03,5915.42919921875,5953.47607421875,5899.533203125,5939.453125,60605100,False,False,1.0,False
2017-10-04,5952.37890625,5967.119140625,5946.64306640625,5951.47509765625,58319800,False,False,1.0,False
2017-10-05,5954.72509765625,5956.39794921875,5901.90576171875,5901.90576171875,56536700,False,False,1.0,False
2017-10-06,5922.11181640625,5922.748046875,5894.23876953125,5905.3779296875,46067100,False,False,1.0,False
2017-10-09,5906.71484375,5926.376953125,5902.46484375,5914.93310546875,41022200,False,False,3.0,False
2017-10-10,5918.12890625,5927.68408203125,5896.4580078125,5905.76220703125,47250700,False,False,1.0,False
2017-10-11,5900.72900390625,5906.134765625,5860.76123046875,5882.787109375,47636200,False,False,1.0,False
2017-10-12,5886.4248046875,5932.0068359375,5883.49609375,5926.2041015625,73889100,False,False,1.0,False
2017-10-13,5926.02587890625,5947.86376953125,5915.134765625,5924.1240234375,66819100,False,False,1.0,False
2017-10-16,5927.98583984375,5956.9541015625,5927.98583984375,5949.701171875,71106000,False,False,3.0,False
2017-10-17,5957.580078125,5961.51220703125,5922.06982421875,5947.330078125,51689400,False,False,1.0,False
2017-10-18,5955.205078125,5958.0009765625,5903.6162109375,5929.201171875,71998500,False,False,1.0,False
2017-10-19,5927.73193359375,5934.6767578125,5903.865234375,5910.52978515625,74254100,False,False,1.0,False
2017-10-20,5923.078125,5959.578125,5918.5322265625,5929.548828125,63590000,False,False,1.0,False
2017-10-23,5946.15478515625,5965.98681640625,5945.3291015625,5950.02587890625,77697000,False,False,3.0,False
2017-10-24,5955.26513671875,5974.2001953125,5949.328125,5952.076171875,80765300,False,False,1.0,False
2017-10-25,5962.0322265625,6025.43408203125,5961.7470703125,6025.43408203125,63953500,False,False,1.0,False
2017-10-26,6018.27099609375,6042.44921875,5995.84716796875,5995.84716796875,59713900,False,False,1.0,False
2017-10-27,5998.1728515625,6020.2919921875,5969.77978515625,5975.28076171875,48687400,False,False,1.0,False
2017-10-30,5990.19482421875,6008.630859375,5969.2109375,5974.0771484375,58489300,False,False,3.0,False
2017-10-31,6034.3818359375,6034.6181640625,5989.85888671875,6005.7841796875,54137200,False,False,1.0,False
2017-11-01,6017.0419921875,6038.990234375,6008.369140625,6038.14599609375,54590800,False,False,1.0,False
2017-11-02,6052.02880859375,6082.22802734375,6031.10693359375,6031.10693359375,54973300,False,False,1.0,False
2017-11-03,6044.7939453125,6046.26220703125,5989.67919921875,6039.541015625,46256000,False,False,1.0,False
2017-11-06,6031.51806640625,6062.06494140625,6025.0732421875,6050.8232421875,60106200,False,False,3.0,False
2017-11-07,6055.74609375,6065.28515625,6047.26513671875,6060.453125,48839400,False,False,1.0,False
2017-11-08,6052.98779296875,6069.76513671875,6033.55322265625,6049.3837890625,69448300,False,False,1.0,False
2017-11-09,6055.548828125,6071.541015625,6039.85986328125,6042.4599609375,55020000,False,False,1.0,False
2017-11-10,6044.2822265625,6054.5341796875,6020.455078125,6021.828125,52158500,False,False,1.0,False
2017-11-13,6020.7490234375,6045.48583984375,6016.98681640625,6021.4560546875,52371100,False,False,3.0,False
2017-11-14,6019.10595703125,6039.296875,5988.2919921875,5988.2919921875,61832000,False,False,1.0,False
2017-11-15,6001.91796875,6012.658203125,5972.31103515625,5972.31103515625,71148600,False,False,1.0,False
2017-11-16,5985.6259765625,6054.2412109375,5984.7041015625,6037.9072265625,53679500,False,False,1.0,False
2017-11-17,6052.51123046875,6092.35205078125,6049.95703125,6051.73193359375,50404200,False,False,1.0,False
2017-11-20,6066.7470703125,6098.77880859375,6053.2822265625,6053.2822265625,52184800,False,False,3.0,False
2017-11-21,6062.23388671875,6076.22705078125,6008.68505859375,6031.86181640625,55320400,False,False,1.0,False
2017-11-22,6039.0859375,6071.33984375,6038.73681640625,6069.78515625,63604500,False,False,1.0,False
2017-11-23,6081.4189453125,6090.64306640625,6056.125,6063.2451171875,64708300,False,False,1.0,False
2017-11-24,6064.6728515625,6069.85400390625,6035.2529296875,6067.14208984375,55260100,False,False,1.0,False
2017-11-27,6059.7080078125,6072.48681640625,6035.923828125,6064.5888671875,58933800,False,False,3.0,False
2017-11-28,6055.10009765625,6070.7158203125,6015.908203125,6070.7158203125,64775900,False,False,1.0,False
2017-11-29,6066.43115234375,6073.89892578125,6045.3369140625,6061.3671875,62226800,False,False,1.0,False
2017-11-30,6053.02587890625,6058.59521484375,5952.13818359375,5952.13818359375,92104400,False,False,1.0,False
2017-12-01,6053.02587890625,6058.59521484375,5952.13818359375,5952.13818359375,0,False,True,1.0,False
2017-12-04,6014.06201171875,6031.921875,5994.34814453125,5998.19482421875,64002400,False,False,3.0,False
2017-12-05,6021.0849609375,6026.412109375,5979.47998046875,6000.47412109375,65146500,False,False,1.0,False
2017-12-06,6002.5400390625,6044.3349609375,6001.0859375,6035.5078125,49403800,False,False,1.0,False
2017-12-07,6032.05419921875,6039.294921875,6006.8349609375,6006.8349609375,48461900,False,False,1.0,False
2017-12-08,6017.962890625,6041.1328125,6013.75,6030.9580078125,51772100,False,False,1.0,False
2017-12-11,6043.34521484375,6052.51513671875,6024.037109375,6026.6328125,55665900,False,False,3.0,False
2017-12-12,6038.43212890625,6042.0029296875,6012.98095703125,6032.37109375,52951400,False,False,1.0,False
2017-12-13,6027.44091796875,6054.60400390625,6020.10888671875,6054.60400390625,54220300,False,False,1.0,False
2017-12-14,6065.30810546875,6117.1259765625,6061.0859375,6113.65283203125,65223300,False,False,1.0,False
2017-12-15,6098.8349609375,6119.4189453125,6075.88720703125,6119.4189453125,54744800,False,False,1.0,False
2017-12-18,6111.68408203125,6133.962890625,6080.15380859375,6133.962890625,49833300,False,False,3.0,False
2017-12-19,6113.091796875,6176.4501953125,6110.28076171875,6167.666015625,54873700,False,False,1.0,False
2017-12-20,6165.60400390625,6167.43310546875,6088.56201171875,6109.48193359375,57345000,False,False,1.0,False
2017-12-21,6129.533203125,6183.39111328125,6126.7861328125,6183.39111328125,50733000,False,False,1.0,False
2017-12-22,6181.85986328125,6221.01318359375,6167.0380859375,6221.01318359375,43710700,False,False,1.0,False
2017-12-27,6214.2587890625,6277.1650390625,6214.2587890625,6277.1650390625,43398400,False,False,5.0,True
2017-12-28,6282.44091796875,6314.0458984375,6259.60791015625,6314.0458984375,57218200,False,False,1.0,False
2017-12-29,6325.62109375,6368.32177734375,6321.0927734375,6355.65380859375,63985200,False,False,1.0,False
2018-01-02,6366.0830078125,6445.91015625,6326.0927734375,6339.23779296875,52168200,False,False,4.0,False
2018-01-03,6341.27099609375,6342.19091796875,6220.69482421875,6251.47900390625,48866400,False,False,1.0,False
2018-01-04,6257.716796875,6292.32080078125,6233.93701171875,6292.32080078125,57864900,False,False,1.0,False
2018-01-05,6279.45703125,6353.73779296875,6278.72412109375,6353.73779296875,74223700,False,False,1.0,False
2018-01-08,6354.36181640625,6385.40380859375,6349.0419921875,6385.40380859375,66702400,False,False,3.0,False
2018-01-09,6393.8740234375,6402.744140625,6351.23291015625,6373.14404296875,66932000,False,False,1.0,False
2018-01-10,6380.91796875,6412.02880859375,6355.21923828125,6371.173828125,70066900,False,False,1.0,False
2018-01-11,6375.03076171875,6386.3388671875,6344.0400390625,6386.3388671875,117346700,False,False,1.0,False
2018-01-12,6391.466796875,6409.1748046875,6359.83203125,6370.06494140625,86340200,False,False,1.0,False
2018-01-15,6379.0732421875,6390.88916015625,6361.60986328125,6382.19482421875,73531200,False,False,3.0,False
2018-01-16,6386.216796875,6429.69189453125,6381.31005859375,6429.69189453125,81954500,False,False,1.0,False
2018-01-17,6429.77294921875,6452.5068359375,6420.06005859375,6444.51806640625,86927700,False,False,1.0,False
2018-01-18,6456.89892578125,6483.26904296875,6452.05419921875,6472.666015625,111698100,False,False,1.0,False
2018-01-19,6483.8330078125,6490.89599609375,6443.009765625,6490.89599609375,70168900,False,False,1.0,False
2018-01-22,6495.3837890625,6529.201171875,6484.12109375,6500.52880859375,87812600,False,False,3.0,False
2018-01-23,6538.01318359375,6635.333984375,6537.078125,6635.333984375,85330100,False,False,1.0,False
2018-01-24,6635.7587890625,6641.1728515625,6588.625,6615.4921875,116046200,False,False,1.0,False
2018-01-25,6629.3681640625,6636.5859375,6581.6728515625,6615.328125,121967500,False,False,1.0,False
2018-01-26,6616.1259765625,6677.3662109375,6615.8662109375,6660.6181640625,102507800,False,False,1.0,False
2018-01-29,6672.990234375,6686.34716796875,6634.88818359375,6680.619140625,99262500,False,False,3.0,False
2018-01-30,6666.8271484375,6675.759765625,6546.64599609375,6575.4921875,99970800,False,False,1.0,False
2018-01-31,6547.98681640625,6627.8349609375,6522.6611328125,6605.630859375,113846700,False,False,1.0,False
2018-02-01,6625.35400390625,6658.876953125,6598.458984375,6598.458984375,119722100,False,False,1.0,False
2018-02-02,6638.1630859375,6655.61279296875,6621.44287109375,6628.81982421875,88106200,False,False,1.0,False
2018-02-05,6556.67919921875,6612.451171875,6522.544921875,6589.6748046875,97541600,False,False,3.0,False
2018-02-06,6505.19287109375,6519.291015625,6426.76416015625,6478.54296875,139033900,False,False,1.0,False
2018-02-07,6525.56298828125,6582.51123046875,6512.07177734375,6534.869140625,117224500,False,False,1.0,False
2018-02-08,6543.625,6549.17919921875,6519.09423828125,6544.6337890625,106322700,False,False,1.0,False
2018-02-09,6491.2861328125,6505.52294921875,6460.64306640625,6505.52294921875,95625500,False,False,1.0,False
2018-02-12,6508.0517578125,6531.56005859375,6498.68798828125,6523.4541015625,118793800,False,False,3.0,False
2018-02-13,6545.0,6595.89599609375,6544.671875,6578.17822265625,102882100,False,False,1.0,False
2018-02-14,6577.11083984375,6599.31103515625,6572.4990234375,6594.40087890625,77060800,False,False,1.0,False
2018-02-15,6615.90380859375,6624.626953125,6583.18603515625,6591.58203125,85432100,False,False,1.0,False
2018-02-19,6610.73291015625,6689.287109375,6607.9072265625,6689.287109375,96729300,False,False,4.0,False
2018-02-20,6687.23095703125,6693.4658203125,6625.7421875,6662.8759765625,129364100,False,False,1.0,False
2018-02-21,6649.17919921875,6665.89306640625,6614.23388671875,6643.39990234375,179201300,True,False,1.0,False
2018-02-22,6646.34716796875,6648.751953125,6586.31103515625,6593.06005859375,107066100,False,False,1.0,False
2018-02-23,6608.5341796875,6659.26123046875,6608.5341796875,6619.80419921875,93737300,False,False,1.0,False
2018-02-26,6615.3740234375,6624.02001953125,6554.6728515625,6554.6728515625,97778800,False,False,3.0,False
2018-02-27,6573.69580078125,6598.92578125,6562.83984375,6598.92578125,107099600,False,False,1.0,False
2018-02-28,6595.85986328125,6609.40380859375,6564.48193359375,6597.2177734375,97106200,False,False,1.0,False
2018-03-01,6605.31396484375,6630.12890625,6596.8720703125,6606.05322265625,92351900,False,False,1.0,False
2018-03-02,6597.7099609375,6597.7099609375,6561.044921875,6582.31591796875,82306900,False,False,1.0,False
2018-03-05,6594.51611328125,6607.1650390625,6543.6611328125,6550.5927734375,77760400,False,False,3.0,False
2018-03-06,6577.17919921875,6589.72119140625,6492.951171875,6500.11083984375,77769000,False,False,1.0,False
2018-03-07,6500.9638671875,6516.88818359375,6346.6650390625,6368.26708984375,108599800,False,False,1.0,False
2018-03-08,6410.708984375,6443.05908203125,6371.97216796875,6443.02099609375,87324300,False,False,1.0,False
2018-03-09,6448.19384765625,6459.03076171875,6382.89306640625,6433.32177734375,73609100,False,False,1.0,False
2018-03-12,6459.32080078125,6500.68603515625,6459.32080078125,6500.68603515625,76177600,False,False,3.0,False
2018-03-13,6497.4638671875,6501.130859375,6399.39111328125,6412.84619140625,82608900,False,False,1.0,False
2018-03-14,6410.88818359375,6412.74609375,6363.630859375,6382.623046875,86246600,False,False,1.0,False
2018-03-15,6366.93017578125,6372.091796875,6316.2099609375,6321.90380859375,82187500,False,False,1.0,False
2018-03-16,6323.4130859375,6328.7890625,6236.23876953125,6304.9521484375,88297100,False,False,1.0,False
2018-03-19,6315.33203125,6319.65185546875,6277.7587890625,6289.57177734375,77658600,False,False,3.0,False
2018-03-20,6266.5810546875,6271.716796875,6207.16796875,6243.5771484375,76662600,False,False,1.0,False
2018-03-21,6260.18505859375,6315.06689453125,6260.06689453125,6312.8310546875,89583500,False,False,1.0,False
2018-03-22,6331.97998046875,6351.30810546875,6252.97509765625,6254.07421875,77992400,False,False,1.0,False
2018-03-23,6138.10888671875,6210.6982421875,6085.205078125,6210.6982421875,75539100,False,False,1.0,False
2018-03-26,6178.72802734375,6205.5732421875,6167.3388671875,6200.171875,62145400,False,False,3.0,False
2018-03-27,6246.22802734375,6274.298828125,6188.60791015625,6209.35009765625,70878900,False,False,1.0,False
2018-03-28,6195.47705078125,6197.005859375,6116.88720703125,6140.8369140625,61446800,False,False,1.0,False
2018-03-29,6153.64501953125,6188.98681640625,6101.76513671875,6188.98681640625,59162000,False,False,1.0,False
2018-04-02,6194.51318359375,6240.57080078125,6168.373046875,6240.57080078125,58966000,False,False,4.0,False
2018-04-03,6212.76708984375,6234.56884765625,6202.12890625,6229.01318359375,61788600,False,False,1.0,False
2018-04-04,6240.98388671875,6250.14208984375,6137.162109375,6157.09619140625,72730600,False,False,1.0,False
2018-04-05,6194.10107421875,6211.87109375,6176.7041015625,6183.22705078125,62063900,False,False,1.0,False
2018-04-06,6184.8701171875,6192.4228515625,6165.205078125,6175.0517578125,59659700,False,False,1.0,False
2018-04-09,6179.380859375,6246.130859375,6178.1767578125,6246.130859375,64251100,False,False,3.0,False
2018-04-10,6244.35205078125,6334.47021484375,6243.0,6325.81787109375,63897300,False,False,1.0,False
2018-04-11,6352.60498046875,6380.35400390625,6349.64208984375,6360.93212890625,72747400,False,False,1.0,False
2018-04-12,6351.046875,6356.14599609375,6289.86376953125,6310.8017578125,65143600,False,False,1.0,False
2018-04-13,6322.94677734375,6335.205078125,6270.3271484375,6270.3271484375,55764300,False,False,1.0,False
2018-04-16,6279.6328125,6305.03076171875,6262.23876953125,6286.748046875,56984800,False,False,3.0,False
2018-04-17,6290.86376953125,6303.97119140625,6259.5927734375,6285.76220703125,89647000,False,False,1.0,False
2018-04-18,6302.97900390625,6320.0048828125,6297.94677734375,6320.0048828125,79669800,False,False,1.0,False
2018-04-19,6321.22412109375,6355.90087890625,6319.576171875,6355.90087890625,75020900,False,False,1.0,False
2018-04-20,6355.99609375,6360.31591796875,6314.2021484375,6337.69482421875,60183000,False,False,1.0,False
2018-04-23,6328.64599609375,6335.44921875,6298.37890625,6308.14794921875,62110600,False,False,3.0,False
2018-04-24,6313.72314453125,6316.703125,6225.5478515625,6229.634765625,58631000,False,False,1.0,False
2018-04-25,6219.76416015625,6220.0380859375,6070.7900390625,6079.85009765625,58356100,False,False,1.0,False
2018-04-26,6080.3837890625,6089.09521484375,5894.15478515625,5909.1982421875,67664100,False,False,1.0,False
2018-04-27,5968.876953125,5997.5009765625,5885.341796875,5919.23779296875,55164900,False,False,1.0,False
2018-04-30,5937.0751953125,6005.87890625,5936.52685546875,5994.59521484375,59188600,False,False,3.0,False
2018-05-02,5999.36181640625,6012.93896484375,5970.39892578125,6012.23779296875,67805700,False,False,2.0,False
2018-05-03,5990.1611328125,5996.48583984375,5858.73193359375,5858.73193359375,61109700,False,False,1.0,False
2018-05-04,5849.30908203125,5855.10595703125,5768.3837890625,5792.34521484375,52388700,False,False,1.0,False
2018-05-07,5814.9560546875,5885.09814453125,5808.18896484375,5885.09814453125,52856100,False,False,3.0,False
2018-05-08,5862.77978515625,5866.0791015625,5752.80078125,5774.7158203125,57813800,False,False,1.0,False
2018-05-09,5734.18017578125,5917.81689453125,5716.64599609375,5907.93798828125,66282300,False,False,1.0,False
2018-05-11,5923.0927734375,6023.041015625,5921.19384765625,5956.83203125,66776200,False,False,2.0,False
2018-05-14,5933.4609375,5947.15478515625,5853.43896484375,5947.15478515625,56191400,False,False,3.0,False
2018-05-15,5926.0771484375,5940.421875,5833.634765625,5838.1162109375,64487000,False,False,1.0,False
2018-05-16,5780.8779296875,5841.4638671875,5738.578125,5841.4638671875,62283300,False,False,1.0,False
2018-05-17,5854.869140625,5898.2978515625,5815.919921875,5815.919921875,67370600,False,False,1.0,False
2018-05-18,5831.0517578125,5843.451171875,5783.31005859375,5783.31005859375,55495900,False,False,1.0,False
2018-05-21,5779.2421875,5786.39111328125,5719.47509765625,5733.85400390625,63717500,False,False,3.0,False
2018-05-22,5767.6279296875,5813.42919921875,5751.119140625,5751.119140625,67420300,False,False,1.0,False
2018-05-23,5764.4189453125,5850.5390625,5764.31201171875,5792.0009765625,60646300,False,False,1.0,False
2018-05-24,5833.6162109375,5954.30810546875,5833.35302734375,5946.5380859375,71497000,False,False,1.0,False
2018-05-25,5957.42578125,6003.244140625,5949.52197265625,5975.7421875,58672900,False,False,1.0,False
2018-05-28,5979.6201171875,6080.5068359375,5977.00390625,6068.3251953125,66767100,False,False,3.0,False
2018-05-30,6037.43408203125,6095.828125,6001.8017578125,6011.05517578125,76998100,False,False,2.0,False
2018-05-31,6037.26220703125,6055.01513671875,5934.80419921875,5983.5869140625,91923400,False,False,1.0,False
2018-06-04,6004.119140625,6032.9931640625,6001.201171875,6014.81884765625,77906000,False,False,4.0,False
2018-06-05,6031.3701171875,6088.7900390625,6025.55712890625,6088.7900390625,71163800,False,False,1.0,False
2018-06-06,6083.9208984375,6096.72314453125,6063.3349609375,6069.712890625,68433200,False,False,1.0,False
2018-06-07,6090.97509765625,6116.43310546875,6077.85595703125,6106.6982421875,61086000,False,False,1.0,False
2018-06-08,6083.33203125,6096.6572265625,5987.3291015625,5993.626953125,53952100,False,False,1.0,False
2018-06-20,5941.7939453125,5947.7841796875,5834.134765625,5884.0390625,62441700,False,False,12.0,True
2018-06-21,5890.06494140625,5922.7021484375,5815.453125,5822.3330078125,51405000,False,False,1.0,False
2018-06-22,5820.18798828125,5837.65283203125,5787.68212890625,5821.81201171875,58773500,False,False,1.0,False
2018-06-25,5850.31396484375,5891.48193359375,5801.59423828125,5859.0830078125,54948400,False,False,3.0,False
2018-06-26,5831.59521484375,5878.037109375,5820.751953125,5825.64892578125,59068400,False,False,1.0,False
2018-06-27,5832.5849609375,5859.60302734375,5787.5517578125,5787.5517578125,55552900,False,False,1.0,False
2018-06-28,5791.5830078125,5801.34912109375,5661.0078125,5667.31884765625,60061700,False,False,1.0,False
2018-06-29,5691.68603515625,5799.23681640625,5682.658203125,5799.23681640625,65331400,False,False,1.0,False
2018-07-02,5828.4951171875,5832.22216796875,5746.77001953125,5746.77001953125,48029600,False,False,3.0,False
2018-07-03,5737.35498046875,5752.31787109375,5630.10009765625,5633.93701171875,49554000,False,False,1.0,False
2018-07-04,5640.56298828125,5738.92578125,5557.55810546875,5733.63916015625,56623500,False,False,1.0,False
2018-07-05,5727.912109375,5739.33203125,5685.751953125,5739.33203125,51660500,False,False,1.0,False
2018-07-06,5733.130859375,5743.35986328125,5694.912109375,5694.912109375,46286700,False,False,1.0,False
2018-07-09,5719.85693359375,5815.44677734375,5716.39404296875,5807.375,52683800,False,False,3.0,False
2018-07-10,5839.0361328125,5888.5927734375,5829.68115234375,5881.759765625,53761000,False,False,1.0,False
2018-07-11,5842.990234375,5897.95703125,5822.751953125,5893.35888671875,62397700,False,False,1.0,False
2018-07-12,5873.048828125,5931.51904296875,5873.048828125,5907.8720703125,57014300,False,False,1.0,False
2018-07-13,5908.47802734375,5961.3369140625,5908.47802734375,5944.07421875,54856000,False,False,1.0,False
2018-07-16,5941.912109375,5956.796875,5847.3408203125,5905.158203125,46500100,False,False,3.0,False
2018-07-17,5881.791015625,5884.7998046875,5840.93701171875,5861.5078125,52518200,False,False,1.0,False
2018-07-18,5868.87109375,5899.65283203125,5858.97509765625,5890.73095703125,69005100,False,False,1.0,False
2018-07-19,5902.02587890625,5920.92919921875,5857.14306640625,5871.0771484375,61506700,False,False,1.0,False
2018-07-20,5867.80810546875,5884.6337890625,5842.93017578125,5872.7841796875,56088500,False,False,1.0,False
2018-07-23,5886.51611328125,5928.080078125,5884.97607421875,5915.7958984375,51917100,False,False,3.0,False
2018-07-24,5934.408203125,5945.85009765625,5925.0498046875,5931.841796875,59374900,False,False,1.0,False
2018-07-25,5941.1298828125,5947.501953125,5923.2001953125,5933.88916015625,84148200,False,False,1.0,False
2018-07-26,5949.6572265625,5967.59521484375,5928.7431640625,5946.13623046875,82412300,False,False,1.0,False
2018-07-27,5947.35595703125,5992.05322265625,5947.06005859375,5989.13623046875,65570700,False,False,1.0,False
2018-07-30,5998.09716796875,6027.93603515625,5994.0791015625,6027.93603515625,72156300,False,False,3.0,False
2018-07-31,6012.9267578125,6013.86376953125,5910.52880859375,5936.44287109375,86530400,False,False,1.0,False
2018-08-01,5952.93896484375,6034.548828125,5945.44287109375,6033.4189453125,59853600,False,False,1.0,False
2018-08-02,6039.5869140625,6055.06689453125,6011.72314453125,6011.72314453125,77818300,False,False,1.0,False
2018-08-03,6014.796875,6023.47509765625,5994.04296875,6007.5380859375,57227000,False,False,1.0,False
2018-08-06,6025.60693359375,6102.5390625,6025.42578125,6101.130859375,66226000,False,False,3.0,False
2018-08-07,6100.0029296875,6113.9912109375,6079.47998046875,6091.25,60294800,False,False,1.0,False
2018-08-08,6110.8408203125,6117.29296875,6081.6337890625,6094.8291015625,64676700,False,False,1.0,False
2018-08-09,6084.751953125,6105.91796875,6055.26904296875,6065.255859375,62375600,False,False,1.0,False
2018-08-10,6084.8017578125,6107.69580078125,6059.98876953125,6077.1728515625,52870700,False,False,1.0,False
2018-08-13,6029.46923828125,6034.56005859375,5861.24609375,5861.24609375,60906300,False,False,3.0,False
2018-08-14,5850.71923828125,5890.98876953125,5744.5751953125,5769.873046875,56998100,False,False,1.0,False
2018-08-15,5782.3818359375,5819.64208984375,5689.93603515625,5816.58984375,62023800,False,False,1.0,False
2018-08-16,5788.06298828125,5811.625,5743.4951171875,5783.7978515625,53443300,False,False,1.0,False
2018-08-20,5833.5390625,5919.33203125,5833.5390625,5892.19189453125,55005100,False,False,4.0,False
2018-08-21,5899.2978515625,5953.9072265625,5899.2978515625,5944.30078125,59014700,False,False,1.0,False
2018-08-23,5962.10107421875,5991.298828125,5934.2900390625,5982.98486328125,53558900,False,False,2.0,False
2018-08-24,5975.4150390625,5993.60498046875,5949.60791015625,5968.75,49474100,False,False,1.0,False
2018-08-27,5993.76318359375,6025.9677734375,5993.703125,6025.9677734375,65676000,False,False,3.0,False
2018-08-28,6042.89111328125,6065.25390625,6023.22119140625,6042.64990234375,59104800,False,False,1.0,False
2018-08-29,6025.60205078125,6065.14892578125,6003.494140625,6065.14892578125,63016700,False,False,1.0,False
2018-08-30,6075.27001953125,6086.94384765625,6013.373046875,6018.9638671875,58498700,False,False,1.0,False
2018-08-31,5984.9619140625,6018.4599609375,5940.64892578125,6018.4599609375,59513900,False,False,1.0,False
2018-09-03,6025.4111328125,6026.9150390625,5954.92822265625,5967.5791015625,44310800,False,False,3.0,False
2018-09-04,5974.76318359375,5978.72998046875,5889.09521484375,5905.30078125,53980900,False,False,1.0,False
2018-09-05,5868.77587890625,5868.77587890625,5621.60400390625,5683.5009765625,71761700,False,False,1.0,False
2018-09-06,5661.9638671875,5786.6650390625,5660.865234375,5776.09521484375,57940400,False,False,1.0,False
2018-09-07,5780.80615234375,5851.46484375,5769.251953125,5851.46484375,54320700,False,False,1.0,False
2018-09-10,5835.3759765625,5840.8671875,5776.01513671875,5831.1171875,53873400,False,False,3.0,False
2018-09-12,5839.31494140625,5870.59912109375,5798.15087890625,5798.15087890625,61414500,False,False,2.0,False
2018-09-13,5834.76513671875,5865.06884765625,5834.76513671875,5858.27392578125,66435500,False,False,1.0,False
2018-09-14,5870.98486328125,5931.28076171875,5870.98486328125,5931.28076171875,56571400,False,False,1.0,False
2018-09-17,5908.42578125,5911.65283203125,5811.919921875,5824.2568359375,59608300,False,False,3.0,False
2018-09-18,5818.72021484375,5844.951171875,5781.2890625,5811.7900390625,70975800,False,False,1.0,False
2018-09-19,5835.794921875,5882.66015625,5835.794921875,5873.59716796875,69601100,False,False,1.0,False
2018-09-20,5898.48193359375,5941.01513671875,5897.59814453125,5931.26611328125,70876500,False,False,1.0,False
2018-09-21,5956.4990234375,5975.169921875,5935.0380859375,5957.744140625,86255700,False,False,1.0,False
2018-09-24,5958.56787109375,5958.56787109375,5876.64892578125,5882.22021484375,68687600,False,False,3.0,False
2018-09-25,5875.158203125,5895.02001953125,5850.75,5874.298828125,65935500,False,False,1.0,False
2018-09-26,5871.55810546875,5908.5888671875,5870.2998046875,5873.27099609375,75063400,False,False,1.0,False
2018-09-27,5871.43505859375,5931.72412109375,5870.5380859375,5929.2158203125,59721100,False,False,1.0,False
2018-09-28,5930.60498046875,5976.55322265625,5930.60498046875,5976.55322265625,62677100,False,False,1.0,False
2018-10-01,5950.85791015625,5982.06494140625,5944.60107421875,5944.60107421875,60605000,False,False,3.0,False
2018-10-02,5947.25,5956.77783203125,5862.955078125,5875.619140625,87701600,False,False,1.0,False
2018-10-03,5874.4951171875,5921.56689453125,5848.162109375,5867.73681640625,72943100,False,False,1.0,False
2018-10-04,5847.59912109375,5847.59912109375,5742.30810546875,5756.619140625,87537800,False,False,1.0,False
2018-10-05,5738.59423828125,5758.27001953125,5706.39892578125,5731.93505859375,64862100,False,False,1.0,False
2018-10-08,5728.6982421875,5794.43212890625,5728.63818359375,5761.0732421875,73665700,False,False,3.0,False
2018-10-09,5771.9169921875,5796.7900390625,5756.2421875,5796.7900390625,64525600,False,False,1.0,False
2018-10-10,5815.2861328125,5832.92822265625,5798.7431640625,5820.66796875,68341300,False,False,1.0,False
2018-10-11,5733.99609375,5746.2431640625,5669.72314453125,5702.82177734375,90536700,False,False,1.0,False
2018-10-12,5722.48681640625,5788.68017578125,5722.48681640625,5756.490234375,60181200,False,False,1.0,False
2018-10-15,5786.6640625,5816.04296875,5725.580078125,5727.255859375,65107300,False,False,3.0,False
2018-10-16,5737.94189453125,5800.81689453125,5719.5087890625,5800.81689453125,64884300,False,False,1.0,False
2018-10-17,5833.2529296875,5868.6201171875,5819.1748046875,5868.6201171875,64580100,False,False,1.0,False
2018-10-18,5850.1240234375,5858.7880859375,5811.9248046875,5845.2421875,62773900,False,False,1.0,False
2018-10-19,5810.1298828125,5861.990234375,5796.7841796875,5837.291015625,63540800,False,False,1.0,False
2018-10-22,5841.4189453125,5869.65185546875,5827.6298828125,5840.43505859375,68594500,False,False,3.0,False
2018-10-23,5838.69091796875,5848.0439453125,5797.3359375,5797.89111328125,61556000,False,False,1.0,False
2018-10-24,5795.7509765625,5818.83984375,5709.4169921875,5709.4169921875,71593900,False,False,1.0,False
2018-10-25,5629.9501953125,5754.96484375,5623.8427734375,5754.96484375,51569200,False,False,1.0,False
2018-10-26,5761.451171875,5790.953125,5748.61376953125,5784.9208984375,52533300,False,False,1.0,False
2018-10-29,5788.9248046875,5814.67919921875,5747.0341796875,5754.60693359375,49595700,False,False,3.0,False
2018-10-30,5755.02001953125,5789.10009765625,5733.240234375,5789.10009765625,59748100,False,False,1.0,False
2018-10-31,5817.4921875,5835.173828125,5769.544921875,5831.64990234375,69910100,False,False,1.0,False
2018-11-01,5855.22216796875,5883.22021484375,5815.7568359375,5835.919921875,63198100,False,False,1.0,False
2018-11-02,5873.0068359375,5906.2919921875,5827.15380859375,5906.2919921875,67022200,False,False,1.0,False
2018-11-05,5895.2431640625,5926.634765625,5886.2060546875,5920.59423828125,53671600,False,False,3.0,False
2018-11-06,5942.32177734375,5959.9658203125,5898.56396484375,5923.93017578125,53343100,False,False,1.0,False
2018-11-07,5942.22314453125,5947.60888671875,5891.14013671875,5939.88623046875,62481200,False,False,1.0,False
2018-11-08,5972.3271484375,5996.8408203125,5949.51611328125,5976.80615234375,73188500,False,False,1.0,False
2018-11-09,5934.17822265625,5936.0341796875,5859.087890625,5874.15380859375,65342000,False,False,1.0,False
2018-11-12,5865.7412109375,5884.0810546875,5777.05322265625,5777.05322265625,53857800,False,False,3.0,False
2018-11-13,5754.59814453125,5850.376953125,5747.53076171875,5835.1982421875,58918000,False,False,1.0,False
2018-11-14,5857.72119140625,5896.8017578125,5851.79296875,5858.29296875,72751500,False,False,1.0,False
2018-11-15,5885.216796875,5960.39892578125,5880.212890625,5955.73583984375,60149800,False,False,1.0,False
2018-11-16,5975.11083984375,6058.8251953125,5968.673828125,6012.35009765625,61140800,False,False,1.0,False
2018-11-19,6028.3369140625,6036.98876953125,5974.134765625,6005.296875,56032100,False,False,3.0,False
2018-11-21,5942.19921875,5978.59521484375,5908.0029296875,5948.0517578125,62393500,False,False,2.0,False
2018-11-22,5936.6611328125,5997.63720703125,5936.6611328125,5990.81005859375,76590600,False,False,1.0,False
2018-11-23,5998.02783203125,6017.4580078125,5971.98876953125,6006.2021484375,62607300,False,False,1.0,False
2018-11-26,5997.73291015625,6025.9912109375,5990.98486328125,6022.77783203125,67223700,False,False,3.0,False
2018-11-27,6002.39111328125,6034.18408203125,5992.8837890625,6013.5888671875,69182000,False,False,1.0,False
2018-11-28,6027.58203125,6030.89599609375,5990.34521484375,5991.24609375,72385300,False,False,1.0,False
2018-11-29,6030.73876953125,6107.16796875,6029.6611328125,6107.16796875,71888500,False,False,1.0,False
2018-11-30,6104.63720703125,6117.19482421875,6056.1240234375,6056.1240234375,104904600,False,False,1.0,False
2018-12-03,6118.06396484375,6157.30078125,6101.7431640625,6118.31982421875,84784300,False,False,3.0,False
2018-12-04,6118.6337890625,6152.85986328125,6118.46923828125,6152.85986328125,65189800,False,False,1.0,False
2018-12-05,6097.64404296875,6133.1201171875,6064.83203125,6133.1201171875,67897200,False,False,1.0,False
2018-12-06,6095.0068359375,6131.6318359375,6086.1318359375,6115.4931640625,65929300,False,False,1.0,False
2018-12-07,6108.9501953125,6141.47021484375,6103.1767578125,6126.35595703125,66079200,False,False,1.0,False
2018-12-10,6103.09716796875,6121.78076171875,6078.6318359375,6111.35986328125,56866400,False,False,3.0,False
2018-12-11,6095.34912109375,6106.98486328125,6069.1611328125,6076.5869140625,71781900,False,False,1.0,False
2018-12-12,6097.73095703125,6118.22607421875,6084.3388671875,6115.5771484375,79263500,False,False,1.0,False
2018-12-13,6140.8759765625,6186.046875,6139.33203125,6177.72021484375,82093700,False,False,1.0,False
2018-12-14,6178.56689453125,6185.47998046875,6160.35205078125,6169.8427734375,61924800,False,False,1.0,False
2018-12-17,6163.6279296875,6174.22021484375,6089.30517578125,6089.30517578125,61873200,False,False,3.0,False
2018-12-18,6056.23291015625,6081.8671875,6014.794921875,6081.8671875,60526100,False,False,1.0,False
2018-12-19,6076.294921875,6176.09423828125,6076.22119140625,6176.09423828125,82872200,False,False,1.0,False
2018-12-20,6144.93603515625,6160.4130859375,6112.05517578125,6147.8759765625,64812900,False,False,1.0,False
2018-12-21,6117.8359375,6165.2841796875,6110.60986328125,6163.59619140625,59446800,False,False,1.0,False
2018-12-26,6126.65283203125,6144.60498046875,6094.412109375,6127.85009765625,53220400,False,False,5.0,True
2018-12-27,6173.51806640625,6191.703125,6157.65283203125,6190.64306640625,65545500,False,False,1.0,False
2018-12-28,6200.296875,6212.125,6176.630859375,6194.498046875,69954900,False,False,1.0,False
2019-01-02,6197.87109375,6205.89501953125,6164.833984375,6181.1748046875,52797800,False,False,5.0,True
2019-01-03,6176.15185546875,6221.009765625,6176.15185546875,6221.009765625,72166700,False,False,1.0,False
2019-01-04,6211.09619140625,6274.5400390625,6200.85400390625,6274.5400390625,80858100,False,False,1.0,False
2019-01-07,6317.6259765625,6354.7578125,6287.22412109375,6287.22412109375,90278300,False,False,3.0,False
2019-01-08,6292.26318359375,6316.240234375,6251.3759765625,6262.84716796875,90537400,False,False,1.0,False
2019-01-09,6296.115234375,6311.5791015625,6265.326171875,6272.23779296875,105604200,False,False,1.0,False
2019-01-10,6293.9580078125,6328.7138671875,6268.5078125,6328.7138671875,122462300,False,False,1.0,False
2019-01-11,6347.97314453125,6361.46484375,6337.5478515625,6361.46484375,78112000,False,False,1.0,False
2019-01-14,6351.3291015625,6359.875,6302.39599609375,6336.1162109375,79731000,False,False,3.0,False
2019-01-15,6347.10107421875,6408.7841796875,6333.64404296875,6408.7841796875,95139900,False,False,1.0,False
2019-01-16,6417.130859375,6425.94091796875,6385.58984375,6413.35986328125,104252800,False,False,1.0,False
2019-01-17,6421.4072265625,6457.73486328125,6410.9501953125,6423.77978515625,99214400,False,False,1.0,False
2019-01-18,6444.212890625,6452.55810546875,6409.09521484375,6448.15576171875,77604300,False,False,1.0,False
2019-01-21,6448.5361328125,6472.14990234375,6438.90087890625,6450.833984375,101769000,False,False,3.0,False
2019-01-22,6452.60400390625,6468.56201171875,6416.5927734375,6468.56201171875,100776200,False,False,1.0,False
2019-01-23,6452.90576171875,6484.19580078125,6449.919921875,6451.169921875,109468500,False,False,1.0,False
2019-01-24,6451.2568359375,6478.8837890625,6446.58203125,6466.65478515625,120391000,False,False,1.0,False
2019-01-25,6474.1591796875,6498.333984375,6470.123046875,6482.8427734375,92035400,False,False,1.0,False
2019-01-28,6488.90185546875,6501.0859375,6433.81982421875,6458.7119140625,95548600,False,False,3.0,False
2019-01-29,6454.47314453125,6485.2470703125,6428.47021484375,6436.47998046875,73064200,False,False,1.0,False
2019-01-30,6445.4091796875,6464.9267578125,6435.41796875,6464.18896484375,78683300,False,False,1.0,False
2019-01-31,6491.38916015625,6544.47900390625,6491.38916015625,6532.96923828125,104349100,False,False,1.0,False
2019-02-01,6552.05712890625,6581.73193359375,6516.43603515625,6538.63818359375,88866200,False,False,1.0,False
2019-02-04,6540.77392578125,6555.98681640625,6479.0498046875,6481.451171875,89042000,False,False,3.0,False
2019-02-06,6503.578125,6552.216796875,6503.578125,6547.876953125,106799500,False,False,2.0,False
2019-02-07,6556.115234375,6563.98193359375,6517.22509765625,6536.45703125,115112600,False,False,1.0,False
2019-02-08,6513.7431640625,6526.8662109375,6498.96484375,6521.6630859375,96579400,False,False,1.0,False
2019-02-11,6523.7021484375,6535.17822265625,6494.125,6495.001953125,94974200,False,False,3.0,False
2019-02-12,6503.05078125,6513.10205078125,6392.23681640625,6426.3251953125,118209700,False,False,1.0,False
2019-02-13,6445.17919921875,6456.57080078125,6398.89208984375,6419.1162109375,122590200,False,False,1.0,False
2019-02-14,6429.1318359375,6446.3359375,6402.43017578125,6420.01806640625,117183600,False,False,1.0,False
2019-02-15,6425.81396484375,6433.68505859375,6374.89892578125,6389.0849609375,98204900,False,False,1.0,False
2019-02-18,6428.27587890625,6501.02783203125,6425.9169921875,6497.81494140625,97765700,False,False,3.0,False
2019-02-19,6500.701171875,6534.0078125,6493.30908203125,6494.6669921875,98372900,False,False,1.0,False
2019-02-20,6521.80810546875,6552.15185546875,6483.07080078125,6512.7841796875,110588600,False,False,1.0,False
2019-02-21,6510.5732421875,6539.06787109375,6498.990234375,6537.76611328125,102022900,False,False,1.0,False
2019-02-22,6518.18798828125,6530.22021484375,6481.47509765625,6501.3779296875,101594400,False,False,1.0,False
2019-02-25,6522.31005859375,6538.4912109375,6507.9248046875,6525.35791015625,95685700,False,False,3.0,False
2019-02-26,6527.72119140625,6540.9501953125,6497.7578125,6540.9501953125,111994800,False,False,1.0,False
2019-02-27,6532.0390625,6539.28515625,6499.81494140625,6525.68310546875,89352100,False,False,1.0,False
2019-02-28,6526.93310546875,6526.93310546875,6433.244140625,6443.34814453125,100223700,False,False,1.0,False
2019-03-01,6468.6201171875,6505.09619140625,6466.1572265625,6499.8837890625,78269700,False,False,1.0,False
2019-03-04,6508.26416015625,6537.23095703125,6487.85302734375,6488.419921875,89179000,False,False,3.0,False
2019-03-05,6485.580078125,6485.64404296875,6409.337890625,6441.27978515625,82023100,False,False,1.0,False
2019-03-06,6460.80712890625,6473.01220703125,6424.2578125,6457.9560546875,91098200,False,False,1.0,False
2019-03-08,6439.8408203125,6442.2041015625,6381.73095703125,6383.06787109375,92588600,False,False,2.0,False
2019-03-11,6418.8828125,6420.7822265625,6366.0390625,6366.43408203125,97316700,False,False,3.0,False
2019-03-12,6395.880859375,6404.43017578125,6339.9677734375,6353.77392578125,84514000,False,False,1.0,False
2019-03-13,6343.12109375,6377.5751953125,6337.8740234375,6377.5751953125,100029400,False,False,1.0,False
2019-03-14,6374.9169921875,6413.26611328125,6372.96484375,6413.26611328125,96692700,False,False,1.0,False
2019-03-15,6420.18212890625,6489.19482421875,6419.64404296875,6461.18310546875,122938800,False,False,1.0,False
2019-03-18,6481.5927734375,6509.44677734375,6477.2880859375,6509.44677734375,105004500,False,False,3.0,False
2019-03-19,6515.56103515625,6522.205078125,6473.2861328125,6480.27587890625,113972800,False,False,1.0,False
2019-03-20,6486.8828125,6498.42578125,6463.94384765625,6482.7099609375,106335600,False,False,1.0,False
2019-03-21,6499.27197265625,6515.97119140625,6484.31298828125,6501.77587890625,120956200,False,False,1.0,False
2019-03-22,6510.85205078125,6525.27392578125,6491.90478515625,6525.27392578125,129537900,False,False,1.0,False
2019-03-25,6473.85595703125,6474.64794921875,6391.51904296875,6411.2509765625,105721300,False,False,3.0,False
2019-03-26,6440.916015625,6478.0478515625,6439.58203125,6469.9990234375,85932800,False,False,1.0,False
2019-03-27,6480.55712890625,6485.42578125,6443.97412109375,6444.73779296875,90444600,False,False,1.0,False
2019-03-28,6460.48681640625,6480.7880859375,6445.35888671875,6480.7880859375,92075400,False,False,1.0,False
2019-03-29,6480.98291015625,6485.958984375,6440.9169921875,6468.7548828125,102927100,False,False,1.0,False
2019-04-01,6485.72119140625,6492.9111328125,6444.84423828125,6452.61083984375,93229400,False,False,3.0,False
2019-04-02,6476.623046875,6490.0732421875,6454.98388671875,6476.06591796875,97657900,False,False,1.0,False
2019-04-04,6489.78515625,6505.798828125,6480.0751953125,6494.6298828125,115935300,False,False,2.0,False
2019-04-05,6501.09912109375,6506.80078125,6473.955078125,6474.01806640625,104044400,False,False,1.0,False
2019-04-08,6480.18408203125,6484.14794921875,6390.7099609375,6425.73388671875,104784600,False,False,3.0,False
2019-04-09,6434.6181640625,6484.39013671875,6429.53515625,6484.34814453125,103220100,False,False,1.0,False
2019-04-10,6476.77978515625,6487.755859375,6456.666015625,6478.326171875,85785100,False,False,1.0,False
2019-04-11,6468.255859375,6472.72998046875,6410.166015625,6410.166015625,98465700,False,False,1.0,False
2019-04-12,6395.0732421875,6422.27197265625,6394.9140625,6405.8662109375,115690900,False,False,1.0,False
2019-04-15,6426.90478515625,6442.0341796875,6415.115234375,6435.15087890625,89372600,False,False,3.0,False
2019-04-16,6440.72119140625,6485.12109375,6438.39697265625,6481.541015625,113905400,False,False,1.0,False
2019-04-18,6568.84521484375,6636.33203125,6487.22705078125,6507.22119140625,112896400,False,False,2.0,False
2019-04-22,6511.0859375,6516.2421875,6410.0390625,6414.7431640625,94956300,False,False,4.0,False
2019-04-23,6420.1630859375,6482.81884765625,6415.455078125,6462.82177734375,105904400,False,False,1.0,False
2019-04-24,6460.26513671875,6472.52783203125,6433.97216796875,6447.884765625,95981100,False,False,1.0,False
2019-04-25,6423.837890625,6431.591796875,6353.283203125,6372.787109375,95830800,False,False,1.0,False
2019-04-26,6349.923828125,6401.080078125,6321.66015625,6401.080078125,84764000,False,False,1.0,False
2019-04-29,6388.3818359375,6428.34423828125,6376.705078125,6425.89501953125,87784100,False,False,3.0,False
2019-04-30,6437.97509765625,6457.82177734375,6428.251953125,6455.35205078125,94646800,False,False,1.0,False
2019-05-02,6458.12109375,6465.77294921875,6363.0400390625,6374.421875,105193000,False,False,2.0,False
2019-05-03,6366.75,6367.6201171875,6261.25,6319.458984375,93047100,False,False,1.0,False
2019-05-06,6254.81103515625,6263.0869140625,6207.623046875,6256.35205078125,76667800,False,False,3.0,False
2019-05-07,6271.9619140625,6310.93994140625,6268.31982421875,6297.31787109375,99893700,False,False,1.0,False
2019-05-08,6260.69677734375,6270.8837890625,6231.36279296875,6270.2021484375,92019200,False,False,1.0,False
2019-05-09,6242.18017578125,6259.626953125,6195.38623046875,6198.80419921875,92161300,False,False,1.0,False
2019-05-10,6203.10302734375,6232.6640625,6149.22021484375,6209.1181640625,83315100,False,False,1.0,False
2019-05-13,6225.39501953125,6238.26220703125,6135.39599609375,6135.39599609375,73081800,False,False,3.0,False
2019-05-14,6081.40185546875,6101.08984375,6033.6181640625,6071.2021484375,102612300,False,False,1.0,False
2019-05-15,6091.64306640625,6107.43994140625,5980.884765625,5980.884765625,90189500,False,False,1.0,False
2019-05-16,5969.85595703125,6009.6279296875,5889.55517578125,5895.73779296875,90700800,False,False,1.0,False
2019-05-17,5930.26904296875,5936.97021484375,5826.8681640625,5826.8681640625,88536300,False,False,1.0,False
2019-05-20,5822.47412109375,5930.15478515625,5767.40087890625,5907.12109375,88516800,False,False,3.0,False
2019-05-21,5925.416015625,5996.5400390625,5925.416015625,5951.3720703125,88868800,False,False,1.0,False
2019-05-22,5948.3828125,5966.7978515625,5918.89990234375,5939.63623046875,73752300,False,False,1.0,False
2019-05-23,5944.0322265625,6044.57177734375,5942.171875,6032.69580078125,80007700,False,False,1.0,False
2019-05-24,6042.5751953125,6080.19189453125,6037.080078125,6057.35302734375,94909100,False,False,1.0,False
2019-05-27,6056.4140625,6114.53076171875,6054.76806640625,6098.97412109375,79120000,False,False,3.0,False
2019-05-28,6101.8427734375,6118.90576171875,6033.14208984375,6033.14208984375,107550600,False,False,1.0,False
2019-05-29,6059.53076171875,6112.43115234375,6054.57080078125,6104.10595703125,79068400,False,False,1.0,False
2019-05-31,6110.52001953125,6209.1171875,6110.47802734375,6209.1171875,94994300,False,False,2.0,False
2019-06-10,6277.29296875,6334.64501953125,6276.27978515625,6289.60986328125,94734500,False,False,10.0,True
2019-06-11,6286.7998046875,6310.0,6255.26416015625,6305.9921875,86434200,False,False,1.0,False
2019-06-12,6270.35205078125,6296.81787109375,6257.43896484375,6276.1767578125,90308800,False,False,1.0,False
2019-06-13,6282.60791015625,6284.4580078125,6250.1171875,6273.08203125,95630400,False,False,1.0,False
2019-06-14,6278.02587890625,6294.64892578125,6234.98583984375,6250.26513671875,86134100,False,False,1.0,False
2019-06-17,6259.53515625,6263.4990234375,6190.52490234375,6190.52490234375,94608600,False,False,3.0,False
2019-06-18,6195.1337890625,6257.330078125,6195.1337890625,6257.330078125,94426600,False,False,1.0,False
2019-06-19,6289.4521484375,6339.26220703125,6289.4521484375,6339.26220703125,104524400,False,False,1.0,False
2019-06-20,6346.01318359375,6357.4599609375,6311.251953125,6335.6982421875,93519900,False,False,1.0,False
2019-06-21,6343.48193359375,6352.52880859375,6269.69091796875,6315.43603515625,111701800,False,False,1.0,False
2019-06-24,6307.9267578125,6320.53515625,6280.22216796875,6288.46484375,113990600,False,False,3.0,False
2019-06-25,6312.10107421875,6327.98193359375,6308.0029296875,6320.44482421875,104114600,False,False,1.0,False
2019-06-26,6323.81103515625,6334.17919921875,6303.34912109375,6310.48876953125,117335500,False,False,1.0,False
2019-06-27,6324.69287109375,6357.92822265625,6320.08984375,6352.7099609375,99586800,False,False,1.0,False
2019-06-28,6367.01806640625,6377.35009765625,6351.505859375,6358.62890625,106200900,False,False,1.0,False
2019-07-01,6381.18115234375,6395.6259765625,6369.19287109375,6379.68798828125,128295500,False,False,3.0,False
2019-07-02,6388.22216796875,6394.4541015625,6365.3720703125,6384.89794921875,128839600,False,False,1.0,False
2019-07-03,6362.9580078125,6385.373046875,6334.748046875,6362.6220703125,115118100,False,False,1.0,False
2019-07-04,6364.06787109375,6385.12890625,6359.4150390625,6375.966796875,138923400,False,False,1.0,False
2019-07-05,6373.31787109375,6386.64404296875,6362.9248046875,6373.47705078125,132400300,False,False,1.0,False
2019-07-08,6360.2138671875,6367.36181640625,6324.72119140625,6351.8271484375,106782100,False,False,3.0,False
2019-07-09,6351.48486328125,6388.3232421875,6351.4228515625,6388.3232421875,120669200,False,False,1.0,False
2019-07-10,6393.18994140625,6412.82421875,6393.18994140625,6410.68310546875,116571800,False,False,1.0,False
2019-07-11,6424.62890625,6434.908203125,6397.22216796875,6417.06591796875,123096800,False,False,1.0,False
2019-07-12,6414.1982421875,6425.31787109375,6369.49609375,6373.34521484375,132748400,False,False,1.0,False
2019-07-15,6408.30810546875,6439.19287109375,6405.4501953125,6418.23388671875,138330000,False,False,3.0,False
2019-07-16,6414.72900390625,6428.26806640625,6389.39794921875,6401.8798828125,120399800,False,False,1.0,False
2019-07-17,6395.4638671875,6403.5009765625,6377.5029296875,6394.60888671875,142137300,False,False,1.0,False
2019-07-18,6385.05810546875,6407.2568359375,6375.6171875,6403.2939453125,150696400,False,False,1.0,False
2019-07-19,6417.44287109375,6456.5390625,6417.44287109375,6456.5390625,129678900,False,False,1.0,False
2019-07-22,6461.4111328125,6468.2470703125,6420.34912109375,6433.546875,125797900,False,False,3.0,False
2019-07-23,6443.7109375,6454.0888671875,6396.6748046875,6403.81005859375,129238000,False,False,1.0,False
2019-07-24,6413.31982421875,6419.22119140625,6380.01123046875,6384.98681640625,149335200,False,False,1.0,False
2019-07-25,6392.38818359375,6412.71484375,6386.291015625,6401.365234375,124582800,False,False,1.0,False
2019-07-26,6379.2041015625,6385.587890625,6314.41015625,6325.23681640625,122282900,False,False,1.0,False
2019-07-29,6336.84521484375,6349.3671875,6283.60205078125,6299.03515625,126988300,False,False,3.0,False
2019-07-30,6317.5732421875,6376.99609375,6317.0361328125,6376.99609375,127506100,False,False,1.0,False
2019-07-31,6362.10888671875,6390.5048828125,6348.9970703125,6390.5048828125,114214500,False,False,1.0,False
2019-08-01,6385.26416015625,6404.5810546875,6372.705078125,6381.5419921875,107634100,False,False,1.0,False
2019-08-02,6341.123046875,6353.11083984375,6317.27099609375,6340.18017578125,93321300,False,False,1.0,False
2019-08-05,6311.1640625,6315.06298828125,6175.703125,6175.703125,122385300,False,False,3.0,False
2019-08-06,6105.0908203125,6157.76220703125,6022.59912109375,6119.47119140625,113648900,False,False,1.0,False
2019-08-07,6155.828125,6221.6611328125,6153.64404296875,6204.19482421875,115751900,False,False,1.0,False
2019-08-08,6224.89794921875,6281.10009765625,6224.89794921875,6274.6708984375,108941500,False,False,1.0,False
2019-08-09,6300.0927734375,6319.43994140625,6280.66796875,6282.1318359375,102271800,False,False,1.0,False
2019-08-12,6300.6728515625,6309.10205078125,6245.27685546875,6250.59521484375,98246100,False,False,3.0,False
2019-08-13,6251.30810546875,6251.30810546875,6198.06591796875,6210.9619140625,106057400,False,False,1.0,False
2019-08-14,6255.509765625,6274.5751953125,6240.2041015625,6267.3349609375,116897700,False,False,1.0,False
2019-08-15,6192.4560546875,6257.5859375,6161.6650390625,6257.5859375,118749900,False,False,1.0,False
2019-08-16,6264.3798828125,6292.375,6235.701171875,6286.6572265625,122425200,False,False,1.0,False
2019-08-19,6310.6328125,6329.73876953125,6284.77587890625,6296.71484375,107478400,False,False,3.0,False
2019-08-20,6311.9072265625,6317.69091796875,6279.56494140625,6295.73779296875,115615800,False,False,1.0,False
2019-08-21,6290.81103515625,6308.35205078125,6247.990234375,6252.966796875,97455300,False,False,1.0,False
2019-08-22,6257.55615234375,6265.95703125,6210.537109375,6239.2451171875,102340600,False,False,1.0,False
2019-08-23,6228.1298828125,6255.59716796875,6204.18798828125,6255.59716796875,104137900,False,False,1.0,False
2019-08-26,6193.23095703125,6230.31494140625,6149.02001953125,6214.509765625,120581400,False,False,3.0,False
2019-08-27,6244.5732421875,6289.884765625,6223.744140625,6278.1708984375,117748900,False,False,1.0,False
2019-08-28,6289.65087890625,6306.3291015625,6267.19482421875,6281.64599609375,107048900,False,False,1.0,False
2019-08-29,6288.18603515625,6306.89599609375,6276.4208984375,6289.119140625,111978400,False,False,1.0,False
2019-08-30,6316.119140625,6329.8837890625,6305.037109375,6328.47021484375,132856400,False,False,1.0,False
2019-09-02,6331.14794921875,6338.11279296875,6281.60498046875,6290.5458984375,126521700,False,False,3.0,False
2019-09-03,6293.36181640625,6310.630859375,6248.796875,6261.58984375,122848800,False,False,1.0,False
2019-09-04,6266.76416015625,6273.60400390625,6239.0009765625,6269.6640625,111903900,False,False,1.0,False
2019-09-05,6294.283203125,6307.34814453125,6281.9541015625,6306.80322265625,110321300,False,False,1.0,False
2019-09-06,6329.412109375,6336.912109375,6305.01708984375,6308.9501953125,114218400,False,False,1.0,False
2019-09-09,6328.2822265625,6333.89697265625,6306.73583984375,6326.212890625,109132800,False,False,3.0,False
2019-09-10,6331.72607421875,6342.005859375,6311.3408203125,6336.6728515625,113186400,False,False,1.0,False
2019-09-11,6334.591796875,6381.9541015625,6328.68798828125,6381.9541015625,136654000,False,False,1.0,False
2019-09-12,6398.9951171875,6414.48388671875,6337.52392578125,6342.173828125,111986600,False,False,1.0,False
2019-09-13,6369.4228515625,6375.80419921875,6318.919921875,6334.8427734375,106712000,False,False,1.0,False
2019-09-16,6262.2880859375,6266.14013671875,6193.51318359375,6219.43505859375,102809600,False,False,3.0,False
2019-09-17,6215.23681640625,6240.34814453125,6205.3017578125,6236.68994140625,112446500,False,False,1.0,False
2019-09-18,6238.705078125,6276.6328125,6236.47607421875,6276.6328125,108718500,False,False,1.0,False
2019-09-19,6274.17822265625,6282.06298828125,6242.89306640625,6244.47021484375,106914500,False,False,1.0,False
2019-09-20,6248.97412109375,6256.82177734375,6213.2431640625,6231.47314453125,134219300,False,False,1.0,False
2019-09-23,6240.14404296875,6247.5771484375,6197.38818359375,6206.19921875,118747800,False,False,3.0,False
2019-09-24,6188.76904296875,6194.58984375,6115.9501953125,6137.60791015625,90097100,False,False,1.0,False
2019-09-25,6121.490234375,6146.40380859375,6086.001953125,6146.40380859375,91732400,False,False,1.0,False
2019-09-26,6168.66796875,6230.333984375,6165.92578125,6230.333984375,105163800,False,False,1.0,False
2019-09-27,6213.93212890625,6219.77001953125,6191.6640625,6196.88916015625,112420600,False,False,1.0,False
2019-09-30,6190.3720703125,6195.72802734375,6152.49609375,6169.10205078125,93299700,False,False,3.0,False
2019-10-01,6163.97900390625,6176.60595703125,6134.77001953125,6138.25,99171900,False,False,1.0,False
2019-10-02,6124.44287109375,6153.99609375,6051.68798828125,6055.4248046875,116223100,False,False,1.0,False
2019-10-03,6033.02685546875,6050.60400390625,5997.69189453125,6038.52880859375,121133700,False,False,1.0,False
2019-10-04,6052.7470703125,6076.56005859375,6046.1298828125,6061.251953125,111920200,False,False,1.0,False
2019-10-07,6077.740234375,6084.1650390625,5988.8720703125,6000.58203125,127549800,False,False,3.0,False
2019-10-08,6021.69287109375,6046.4580078125,6009.3818359375,6039.60107421875,124640500,False,False,1.0,False
2019-10-09,6030.458984375,6047.79296875,6017.35986328125,6029.16015625,111759600,False,False,1.0,False
2019-10-10,6023.97607421875,6044.11376953125,6018.44580078125,6023.64111328125,89240100,False,False,1.0,False
2019-10-11,6033.32177734375,6109.1181640625,6033.32177734375,6105.7998046875,105411100,False,False,1.0,False
2019-10-14,6129.23388671875,6153.578125,6099.23876953125,6126.876953125,118521000,False,False,3.0,False
2019-10-15,6130.2998046875,6158.166015625,6118.26220703125,6158.166015625,118739300,False,False,1.0,False
2019-10-16,6170.56201171875,6183.583984375,6143.84619140625,6169.591796875,114463100,False,False,1.0,False
2019-10-17,6169.90380859375,6197.93505859375,6161.39208984375,6181.01416015625,119164000,False,False,1.0,False
2019-10-18,6185.21484375,6201.1748046875,6178.498046875,6191.94677734375,125611600,False,False,1.0,False
2019-10-21,6207.88916015625,6228.22705078125,6187.36083984375,6198.98681640625,146413800,False,False,3.0,False
2019-10-22,6207.4921875,6229.39892578125,6178.55517578125,6225.4970703125,114083500,False,False,1.0,False
2019-10-23,6224.41796875,6257.80615234375,6197.9541015625,6257.80615234375,135886700,False,False,1.0,False
2019-10-24,6271.51416015625,6339.64697265625,6270.18603515625,6339.64697265625,130619300,False,False,1.0,False
2019-10-25,6342.60888671875,6348.31494140625,6243.24609375,6252.34521484375,151346100,False,False,1.0,False
2019-10-28,6256.7900390625,6278.1630859375,6243.34912109375,6265.3837890625,145042900,False,False,3.0,False
2019-10-29,6267.68017578125,6281.13818359375,6245.93798828125,6281.13818359375,148492100,False,False,1.0,False
2019-10-30,6302.087890625,6304.0498046875,6264.93896484375,6295.7470703125,139603200,False,False,1.0,False
2019-10-31,6290.56689453125,6301.5927734375,6216.2900390625,6228.31689453125,163955700,True,False,1.0,False
2019-11-01,6225.81494140625,6228.4111328125,6193.88720703125,6207.19091796875,142104600,False,False,1.0,False
2019-11-04,6219.126953125,6242.083984375,6180.34423828125,6180.34423828125,103975100,False,False,3.0,False
2019-11-05,6204.43896484375,6264.15185546875,6195.30419921875,6264.15185546875,95988100,False,False,1.0,False
2019-11-06,6273.91796875,6274.2919921875,6198.49609375,6217.544921875,70278100,False,False,1.0,False
2019-11-07,6234.60400390625,6235.63818359375,6119.4208984375,6165.6240234375,67284200,False,False,1.0,False
2019-11-08,6165.76611328125,6180.19921875,6139.8232421875,6177.98583984375,60698400,False,False,1.0,False
2019-11-11,6171.43701171875,6182.81591796875,6127.876953125,6148.740234375,47286600,False,False,3.0,False
2019-11-12,6135.4931640625,6180.9921875,6133.5341796875,6180.9921875,57719100,False,False,1.0,False
2019-11-13,6177.66015625,6183.8271484375,6132.2529296875,6142.5009765625,51900400,False,False,1.0,False
2019-11-14,6137.53515625,6146.39794921875,6062.97998046875,6098.9501953125,72169800,False,False,1.0,False
2019-11-15,6115.7587890625,6137.35595703125,6092.6162109375,6128.34521484375,46157800,False,False,1.0,False
2019-11-18,6126.4130859375,6134.31494140625,6098.0810546875,6122.625,47079600,False,False,3.0,False
2019-11-19,6136.93701171875,6152.08984375,6113.3330078125,6152.08984375,51414200,False,False,1.0,False
2019-11-20,6136.2529296875,6167.4111328125,6123.5849609375,6155.10888671875,51663000,False,False,1.0,False
2019-11-21,6135.76416015625,6137.27099609375,6099.56787109375,6117.36376953125,50800300,False,False,1.0,False
2019-11-22,6115.791015625,6122.48095703125,6086.8271484375,6100.2421875,51362000,False,False,1.0,False
2019-11-25,6094.748046875,6105.09716796875,6052.26513671875,6070.76220703125,48496000,False,False,3.0,False
2019-11-26,6091.23779296875,6096.6611328125,6026.18798828125,6026.18798828125,81161800,False,False,1.0,False
2019-11-27,6025.94091796875,6052.4921875,6002.98779296875,6023.0390625,57364300,False,False,1.0,False
2019-11-28,6013.27099609375,6036.828125,5945.75,5953.06005859375,51713900,False,False,1.0,False
2019-11-29,5949.8837890625,6015.69921875,5939.40380859375,6011.830078125,51024700,False,False,1.0,False
2019-12-02,6023.61181640625,6130.05517578125,6023.009765625,6130.05517578125,52565500,False,False,3.0,False
2019-12-03,6119.90185546875,6148.3662109375,6107.64208984375,6133.89599609375,52634500,False,False,1.0,False
2019-12-04,6121.3330078125,6127.97705078125,6095.30615234375,6112.87890625,50339400,False,False,1.0,False
2019-12-05,6132.0390625,6157.93115234375,6131.5888671875,6152.1171875,52261600,False,False,1.0,False
2019-12-06,6160.783203125,6186.8681640625,6145.119140625,6186.8681640625,49098600,False,False,1.0,False
2019-12-09,6194.08203125,6210.77880859375,6180.8369140625,6193.791015625,54834500,False,False,3.0,False
2019-12-10,6186.7529296875,6205.1337890625,6179.51806640625,6183.5048828125,51058500,False,False,1.0,False
2019-12-11,6190.5771484375,6204.60400390625,6171.9267578125,6180.09912109375,49556800,False,False,1.0,False
2019-12-12,6185.41796875,6201.02392578125,6139.39697265625,6139.39697265625,51845400,False,False,1.0,False
2019-12-13,6181.05517578125,6197.31787109375,6167.64013671875,6197.31787109375,48546800,False,False,1.0,False
2019-12-16,6197.31396484375,6237.916015625,6197.31396484375,6211.591796875,55299700,False,False,3.0,False
2019-12-17,6223.44287109375,6244.35205078125,6205.6279296875,6244.35205078125,53264500,False,False,1.0,False
2019-12-18,6287.25,6287.25,6287.25,6287.25,0,False,True,1.0,False
2019-12-19,6274.38818359375,6281.416015625,6235.84423828125,6249.93017578125,47624800,False,False,1.0,False
2019-12-20,6257.16015625,6284.3720703125,6231.4658203125,6284.3720703125,52766200,False,False,1.0,False
2019-12-23,6309.6708984375,6315.72119140625,6270.5390625,6305.91015625,39077900,False,False,3.0,False
2019-12-26,6303.05908203125,6326.26806640625,6303.05908203125,6319.44287109375,33608900,False,False,3.0,False
2019-12-27,6321.56884765625,6337.3359375,6312.380859375,6329.31396484375,42100200,False,False,1.0,False
2019-12-30,6329.134765625,6336.919921875,6289.546875,6299.5390625,47557400,False,False,3.0,False
